county_fips,state_fips,county_name,state_name,cbsa_code,cbsa_title,cbsa_type,metro_division_code,metro_division_title,csa_code,csa_title,central_outlying
01001,01,Autauga County,Alabama,33860,"Montgomery, AL",Metropolitan Statistical Area,,,388,"Montgomery-Selma, AL",Central
01003,01,Baldwin County,Alabama,19300,"Daphne-Fairhope-Foley, AL",Metropolitan Statistical Area,,,380,"Mobile-Daphne-Fairhope, AL",Central
01005,01,Barbour County,Alabama,21640,"Eufaula, AL-GA",Micropolitan Statistical Area,,,,,Central
01007,01,Bibb County,Alabama,13820,"Birmingham, AL",Metropolitan Statistical Area,,,142,"Birmingham-Cullman-Talladega, AL",Outlying
01009,01,Blount County,Alabama,13820,"Birmingham, AL",Metropolitan Statistical Area,,,142,"Birmingham-Cullman-Talladega, AL",Outlying
01015,01,Calhoun County,Alabama,11500,"Anniston-Oxford, AL",Metropolitan Statistical Area,,,,,Central
01017,01,Chambers County,Alabama,29300,"LaGrange, GA-AL",Micropolitan Statistical Area,,,122,"Atlanta--Athens-Clarke County--Sandy Springs, GA-AL",Outlying
01021,01,Chilton County,Alabama,13820,"Birmingham, AL",Metropolitan Statistical Area,,,142,"Birmingham-Cullman-Talladega, AL",Outlying
01031,01,Coffee County,Alabama,21460,"Enterprise, AL",Micropolitan Statistical Area,,,222,"Dothan-Enterprise-Ozark, AL",Central
01033,01,Colbert County,Alabama,22520,"Florence-Muscle Shoals, AL",Metropolitan Statistical Area,,,250,"Florence-Muscle Shoals-Russellville, AL",Central
01037,01,Coosa County,Alabama,45180,"Talladega-Sylacauga, AL",Micropolitan Statistical Area,,,142,"Birmingham-Cullman-Talladega, AL",Outlying
01043,01,Cullman County,Alabama,18980,"Cullman, AL",Micropolitan Statistical Area,,,142,"Birmingham-Cullman-Talladega, AL",Central
01045,01,Dale County,Alabama,37120,"Ozark, AL",Micropolitan Statistical Area,,,222,"Dothan-Enterprise-Ozark, AL",Central
01047,01,Dallas County,Alabama,42820,"Selma, AL",Micropolitan Statistical Area,,,388,"Montgomery-Selma, AL",Central
01049,01,DeKalb County,Alabama,22840,"Fort Payne, AL",Micropolitan Statistical Area,,,290,"Huntsville-Decatur-Albertville, AL-TN",Central
01051,01,Elmore County,Alabama,33860,"Montgomery, AL",Metropolitan Statistical Area,,,388,"Montgomery-Selma, AL",Central
01055,01,Etowah County,Alabama,23460,"Gadsden, AL",Metropolitan Statistical Area,,,,,Central
01059,01,Franklin County,Alabama,40770,"Russellville, AL",Micropolitan Statistical Area,,,250,"Florence-Muscle Shoals-Russellville, AL",Central
01061,01,Geneva County,Alabama,20020,"Dothan, AL",Metropolitan Statistical Area,,,222,"Dothan-Enterprise-Ozark, AL",Outlying
01063,01,Greene County,Alabama,46220,"Tuscaloosa, AL",Metropolitan Statistical Area,,,,,Outlying
01065,01,Hale County,Alabama,46220,"Tuscaloosa, AL",Metropolitan Statistical Area,,,,,Outlying
01067,01,Henry County,Alabama,20020,"Dothan, AL",Metropolitan Statistical Area,,,222,"Dothan-Enterprise-Ozark, AL",Outlying
01069,01,Houston County,Alabama,20020,"Dothan, AL",Metropolitan Statistical Area,,,222,"Dothan-Enterprise-Ozark, AL",Central
01071,01,Jackson County,Alabama,42460,"Scottsboro, AL",Micropolitan Statistical Area,,,174,"Chattanooga-Cleveland-Dalton, TN-GA-AL",Central
01073,01,Jefferson County,Alabama,13820,"Birmingham, AL",Metropolitan Statistical Area,,,142,"Birmingham-Cullman-Talladega, AL",Central
01077,01,Lauderdale County,Alabama,22520,"Florence-Muscle Shoals, AL",Metropolitan Statistical Area,,,250,"Florence-Muscle Shoals-Russellville, AL",Central
01079,01,Lawrence County,Alabama,19460,"Decatur, AL",Metropolitan Statistical Area,,,290,"Huntsville-Decatur-Albertville, AL-TN",Outlying
01081,01,Lee County,Alabama,12220,"Auburn-Opelika, AL",Metropolitan Statistical Area,,,194,"Columbus-Auburn-Opelika, GA-AL",Central
01083,01,Limestone County,Alabama,26620,"Huntsville, AL",Metropolitan Statistical Area,,,290,"Huntsville-Decatur-Albertville, AL-TN",Central
01085,01,Lowndes County,Alabama,33860,"Montgomery, AL",Metropolitan Statistical Area,,,388,"Montgomery-Selma, AL",Outlying
01087,01,Macon County,Alabama,12220,"Auburn-Opelika, AL",Metropolitan Statistical Area,,,194,"Columbus-Auburn-Opelika, GA-AL",Outlying
01089,01,Madison County,Alabama,26620,"Huntsville, AL",Metropolitan Statistical Area,,,290,"Huntsville-Decatur-Albertville, AL-TN",Central
01095,01,Marshall County,Alabama,10700,"Albertville, AL",Micropolitan Statistical Area,,,290,"Huntsville-Decatur-Albertville, AL-TN",Central
01097,01,Mobile County,Alabama,33660,"Mobile, AL",Metropolitan Statistical Area,,,380,"Mobile-Daphne-Fairhope, AL",Central
01101,01,Montgomery County,Alabama,33860,"Montgomery, AL",Metropolitan Statistical Area,,,388,"Montgomery-Selma, AL",Central
01103,01,Morgan County,Alabama,19460,"Decatur, AL",Metropolitan Statistical Area,,,290,"Huntsville-Decatur-Albertville, AL-TN",Central
01107,01,Pickens County,Alabama,46220,"Tuscaloosa, AL",Metropolitan Statistical Area,,,,,Outlying
01109,01,Pike County,Alabama,45980,"Troy, AL",Micropolitan Statistical Area,,,,,Central
01113,01,Russell County,Alabama,17980,"Columbus, GA-AL",Metropolitan Statistical Area,,,194,"Columbus-Auburn-Opelika, GA-AL",Central
01115,01,St. Clair County,Alabama,13820,"Birmingham, AL",Metropolitan Statistical Area,,,142,"Birmingham-Cullman-Talladega, AL",Central
01117,01,Shelby County,Alabama,13820,"Birmingham, AL",Metropolitan Statistical Area,,,142,"Birmingham-Cullman-Talladega, AL",Central
01121,01,Talladega County,Alabama,45180,"Talladega-Sylacauga, AL",Micropolitan Statistical Area,,,142,"Birmingham-Cullman-Talladega, AL",Central
01123,01,Tallapoosa County,Alabama,10760,"Alexander City, AL",Micropolitan Statistical Area,,,194,"Columbus-Auburn-Opelika, GA-AL",Central
01125,01,Tuscaloosa County,Alabama,46220,"Tuscaloosa, AL",Metropolitan Statistical Area,,,,,Central
01127,01,Walker County,Alabama,13820,"Birmingham, AL",Metropolitan Statistical Area,,,142,"Birmingham-Cullman-Talladega, AL",Outlying
02020,02,Anchorage Municipality,Alaska,11260,"Anchorage, AK",Metropolitan Statistical Area,,,,,Central
02090,02,Fairbanks North Star Borough,Alaska,21820,"Fairbanks-College, AK",Metropolitan Statistical Area,,,,,Central
02110,02,Juneau City and Borough,Alaska,27940,"Juneau, AK",Micropolitan Statistical Area,,,,,Central
02130,02,Ketchikan Gateway Borough,Alaska,28540,"Ketchikan, AK",Micropolitan Statistical Area,,,,,Central
02170,02,Matanuska-Susitna Borough,Alaska,11260,"Anchorage, AK",Metropolitan Statistical Area,,,,,Outlying
04003,04,Cochise County,Arizona,43420,"Sierra Vista-Douglas, AZ",Metropolitan Statistical Area,,,,,Central
04005,04,Coconino County,Arizona,22380,"Flagstaff, AZ",Metropolitan Statistical Area,,,,,Central
04007,04,Gila County,Arizona,37740,"Payson, AZ",Micropolitan Statistical Area,,,429,"Phoenix-Mesa, AZ",Central
04009,04,Graham County,Arizona,40940,"Safford, AZ",Micropolitan Statistical Area,,,,,Central
04013,04,Maricopa County,Arizona,38060,"Phoenix-Mesa-Chandler, AZ",Metropolitan Statistical Area,,,429,"Phoenix-Mesa, AZ",Central
04015,04,Mohave County,Arizona,29420,"Lake Havasu City-Kingman, AZ",Metropolitan Statistical Area,,,,,Central
04017,04,Navajo County,Arizona,43320,"Show Low, AZ",Micropolitan Statistical Area,,,,,Central
04019,04,Pima County,Arizona,46060,"Tucson, AZ",Metropolitan Statistical Area,,,536,"Tucson-Nogales, AZ",Central
04021,04,Pinal County,Arizona,38060,"Phoenix-Mesa-Chandler, AZ",Metropolitan Statistical Area,,,429,"Phoenix-Mesa, AZ",Central
04023,04,Santa Cruz County,Arizona,35700,"Nogales, AZ",Micropolitan Statistical Area,,,536,"Tucson-Nogales, AZ",Central
04025,04,Yavapai County,Arizona,39150,"Prescott Valley-Prescott, AZ",Metropolitan Statistical Area,,,,,Central
04027,04,Yuma County,Arizona,49740,"Yuma, AZ",Metropolitan Statistical Area,,,,,Central
05005,05,Baxter County,Arkansas,34260,"Mountain Home, AR",Micropolitan Statistical Area,,,,,Central
05007,05,Benton County,Arkansas,22220,"Fayetteville-Springdale-Rogers, AR",Metropolitan Statistical Area,,,,,Central
05009,05,Boone County,Arkansas,25460,"Harrison, AR",Micropolitan Statistical Area,,,,,Central
05013,05,Calhoun County,Arkansas,15780,"Camden, AR",Micropolitan Statistical Area,,,,,Outlying
05019,05,Clark County,Arkansas,11660,"Arkadelphia, AR",Micropolitan Statistical Area,,,,,Central
05025,05,Cleveland County,Arkansas,38220,"Pine Bluff, AR",Micropolitan Statistical Area,,,340,"Little Rock-North Little Rock, AR",Outlying
05027,05,Columbia County,Arkansas,31620,"Magnolia, AR",Micropolitan Statistical Area,,,,,Central
05031,05,Craighead County,Arkansas,27860,"Jonesboro, AR",Metropolitan Statistical Area,,,308,"Jonesboro-Paragould, AR",Central
05033,05,Crawford County,Arkansas,22900,"Fort Smith, AR-OK",Metropolitan Statistical Area,,,,,Central
05035,05,Crittenden County,Arkansas,32820,"Memphis, TN-MS-AR",Metropolitan Statistical Area,,,368,"Memphis-Clarksdale-Forrest City, TN-MS-AR",Central
05045,05,Faulkner County,Arkansas,30780,"Little Rock-North Little Rock-Conway, AR",Metropolitan Statistical Area,,,340,"Little Rock-North Little Rock, AR",Outlying
05051,05,Garland County,Arkansas,26300,"Hot Springs, AR",Metropolitan Statistical Area,,,284,"Hot Springs-Malvern, AR",Central
05053,05,Grant County,Arkansas,30780,"Little Rock-North Little Rock-Conway, AR",Metropolitan Statistical Area,,,340,"Little Rock-North Little Rock, AR",Outlying
05055,05,Greene County,Arkansas,37500,"Paragould, AR",Micropolitan Statistical Area,,,308,"Jonesboro-Paragould, AR",Central
05059,05,Hot Spring County,Arkansas,31680,"Malvern, AR",Micropolitan Statistical Area,,,284,"Hot Springs-Malvern, AR",Central
05063,05,Independence County,Arkansas,12900,"Batesville, AR",Micropolitan Statistical Area,,,,,Central
05069,05,Jefferson County,Arkansas,38220,"Pine Bluff, AR",Micropolitan Statistical Area,,,340,"Little Rock-North Little Rock, AR",Central
05081,05,Little River County,Arkansas,45500,"Texarkana, TX-AR",Metropolitan Statistical Area,,,,,Outlying
05085,05,Lonoke County,Arkansas,30780,"Little Rock-North Little Rock-Conway, AR",Metropolitan Statistical Area,,,340,"Little Rock-North Little Rock, AR",Central
05087,05,Madison County,Arkansas,22220,"Fayetteville-Springdale-Rogers, AR",Metropolitan Statistical Area,,,,,Outlying
05091,05,Miller County,Arkansas,45500,"Texarkana, TX-AR",Metropolitan Statistical Area,,,,,Central
05093,05,Mississippi County,Arkansas,14180,"Blytheville, AR",Micropolitan Statistical Area,,,,,Central
05101,05,Newton County,Arkansas,25460,"Harrison, AR",Micropolitan Statistical Area,,,,,Outlying
05103,05,Ouachita County,Arkansas,15780,"Camden, AR",Micropolitan Statistical Area,,,,,Central
05105,05,Perry County,Arkansas,30780,"Little Rock-North Little Rock-Conway, AR",Metropolitan Statistical Area,,,340,"Little Rock-North Little Rock, AR",Outlying
05111,05,Poinsett County,Arkansas,27860,"Jonesboro, AR",Metropolitan Statistical Area,,,308,"Jonesboro-Paragould, AR",Outlying
05115,05,Pope County,Arkansas,40780,"Russellville, AR",Micropolitan Statistical Area,,,,,Central
05119,05,Pulaski County,Arkansas,30780,"Little Rock-North Little Rock-Conway, AR",Metropolitan Statistical Area,,,340,"Little Rock-North Little Rock, AR",Central
05123,05,St. Francis County,Arkansas,22620,"Forrest City, AR",Micropolitan Statistical Area,,,368,"Memphis-Clarksdale-Forrest City, TN-MS-AR",Central
05125,05,Saline County,Arkansas,30780,"Little Rock-North Little Rock-Conway, AR",Metropolitan Statistical Area,,,340,"Little Rock-North Little Rock, AR",Central
05131,05,Sebastian County,Arkansas,22900,"Fort Smith, AR-OK",Metropolitan Statistical Area,,,,,Central
05139,05,Union County,Arkansas,20980,"El Dorado, AR",Micropolitan Statistical Area,,,,,Central
05143,05,Washington County,Arkansas,22220,"Fayetteville-Springdale-Rogers, AR",Metropolitan Statistical Area,,,,,Central
05145,05,White County,Arkansas,42620,"Searcy, AR",Micropolitan Statistical Area,,,340,"Little Rock-North Little Rock, AR",Central
05149,05,Yell County,Arkansas,40780,"Russellville, AR",Micropolitan Statistical Area,,,,,Outlying
06001,06,Alameda County,California,41860,"San Francisco-Oakland-Fremont, CA",Metropolitan Statistical Area,36084,"Oakland-Fremont-Berkeley, CA",488,"San Jose-San Francisco-Oakland, CA",Central
06003,06,Alpine County,California,23820,"Gardnerville Ranchos, NV-CA",Micropolitan Statistical Area,,,456,"Reno-Carson City-Gardnerville Ranchos, NV-CA",Outlying
06007,06,Butte County,California,17020,"Chico, CA",Metropolitan Statistical Area,,,,,Central
06013,06,Contra Costa County,California,41860,"San Francisco-Oakland-Fremont, CA",Metropolitan Statistical Area,36084,"Oakland-Fremont-Berkeley, CA",488,"San Jose-San Francisco-Oakland, CA",Outlying
06015,06,Del Norte County,California,18860,"Crescent City, CA",Micropolitan Statistical Area,,,152,"Brookings-Crescent City, OR-CA",Central
06017,06,El Dorado County,California,40900,"Sacramento-Roseville-Folsom, CA",Metropolitan Statistical Area,,,472,"Sacramento-Roseville, CA",Central
06019,06,Fresno County,California,23420,"Fresno, CA",Metropolitan Statistical Area,,,260,"Fresno-Hanford-Corcoran, CA",Central
06023,06,Humboldt County,California,21700,"Eureka-Arcata, CA",Micropolitan Statistical Area,,,,,Central
06025,06,Imperial County,California,20940,"El Centro, CA",Metropolitan Statistical Area,,,,,Central
06027,06,Inyo County,California,13860,"Bishop, CA",Micropolitan Statistical Area,,,,,Central
06029,06,Kern County,California,12540,"Bakersfield-Delano, CA",Metropolitan Statistical Area,,,,,Central
06031,06,Kings County,California,25260,"Hanford-Corcoran, CA",Metropolitan Statistical Area,,,260,"Fresno-Hanford-Corcoran, CA",Central
06033,06,Lake County,California,17340,"Clearlake, CA",Micropolitan Statistical Area,,,,,Central
06035,06,Lassen County,California,45000,"Susanville, CA",Micropolitan Statistical Area,,,,,Central
06037,06,Los Angeles County,California,31080,"Los Angeles-Long Beach-Anaheim, CA",Metropolitan Statistical Area,31084,"Los Angeles-Long Beach-Glendale, CA",348,"Los Angeles-Long Beach, CA",Central
06039,06,Madera County,California,23420,"Fresno, CA",Metropolitan Statistical Area,,,260,"Fresno-Hanford-Corcoran, CA",Outlying
06041,06,Marin County,California,41860,"San Francisco-Oakland-Fremont, CA",Metropolitan Statistical Area,42034,"San Rafael, CA",488,"San Jose-San Francisco-Oakland, CA",Central
06045,06,Mendocino County,California,46380,"Ukiah, CA",Micropolitan Statistical Area,,,,,Central
06047,06,Merced County,California,32900,"Merced, CA",Metropolitan Statistical Area,,,488,"San Jose-San Francisco-Oakland, CA",Central
06053,06,Monterey County,California,41500,"Salinas, CA",Metropolitan Statistical Area,,,,,Central
06055,06,Napa County,California,34900,"Napa, CA",Metropolitan Statistical Area,,,488,"San Jose-San Francisco-Oakland, CA",Central
06057,06,Nevada County,California,46020,"Truckee-Grass Valley, CA",Micropolitan Statistical Area,,,472,"Sacramento-Roseville, CA",Central
06059,06,Orange County,California,31080,"Los Angeles-Long Beach-Anaheim, CA",Metropolitan Statistical Area,11244,"Anaheim-Santa Ana-Irvine, CA",348,"Los Angeles-Long Beach, CA",Central
06061,06,Placer County,California,40900,"Sacramento-Roseville-Folsom, CA",Metropolitan Statistical Area,,,472,"Sacramento-Roseville, CA",Central
06065,06,Riverside County,California,40140,"Riverside-San Bernardino-Ontario, CA",Metropolitan Statistical Area,,,348,"Los Angeles-Long Beach, CA",Central
06067,06,Sacramento County,California,40900,"Sacramento-Roseville-Folsom, CA",Metropolitan Statistical Area,,,472,"Sacramento-Roseville, CA",Central
06069,06,San Benito County,California,41940,"San Jose-Sunnyvale-Santa Clara, CA",Metropolitan Statistical Area,,,488,"San Jose-San Francisco-Oakland, CA",Outlying
06071,06,San Bernardino County,California,40140,"Riverside-San Bernardino-Ontario, CA",Metropolitan Statistical Area,,,348,"Los Angeles-Long Beach, CA",Central
06073,06,San Diego County,California,41740,"San Diego-Chula Vista-Carlsbad, CA",Metropolitan Statistical Area,,,,,Central
06075,06,San Francisco County,California,41860,"San Francisco-Oakland-Fremont, CA",Metropolitan Statistical Area,41884,"San Francisco-San Mateo-Redwood City, CA",488,"San Jose-San Francisco-Oakland, CA",Central
06077,06,San Joaquin County,California,44700,"Stockton-Lodi, CA",Metropolitan Statistical Area,,,488,"San Jose-San Francisco-Oakland, CA",Central
06079,06,San Luis Obispo County,California,42020,"San Luis Obispo-Paso Robles, CA",Metropolitan Statistical Area,,,,,Central
06081,06,San Mateo County,California,41860,"San Francisco-Oakland-Fremont, CA",Metropolitan Statistical Area,41884,"San Francisco-San Mateo-Redwood City, CA",488,"San Jose-San Francisco-Oakland, CA",Central
06083,06,Santa Barbara County,California,42200,"Santa Maria-Santa Barbara, CA",Metropolitan Statistical Area,,,,,Central
06085,06,Santa Clara County,California,41940,"San Jose-Sunnyvale-Santa Clara, CA",Metropolitan Statistical Area,,,488,"San Jose-San Francisco-Oakland, CA",Central
06087,06,Santa Cruz County,California,42100,"Santa Cruz-Watsonville, CA",Metropolitan Statistical Area,,,488,"San Jose-San Francisco-Oakland, CA",Central
06089,06,Shasta County,California,39820,"Redding, CA",Metropolitan Statistical Area,,,454,"Redding-Red Bluff, CA",Central
06095,06,Solano County,California,46700,"Vallejo, CA",Metropolitan Statistical Area,,,488,"San Jose-San Francisco-Oakland, CA",Central
06097,06,Sonoma County,California,42220,"Santa Rosa-Petaluma, CA",Metropolitan Statistical Area,,,,,Central
06099,06,Stanislaus County,California,33700,"Modesto, CA",Metropolitan Statistical Area,,,488,"San Jose-San Francisco-Oakland, CA",Central
06101,06,Sutter County,California,49700,"Yuba City, CA",Metropolitan Statistical Area,,,472,"Sacramento-Roseville, CA",Central
06103,06,Tehama County,California,39780,"Red Bluff, CA",Micropolitan Statistical Area,,,454,"Redding-Red Bluff, CA",Central
06107,06,Tulare County,California,47300,"Visalia, CA",Metropolitan Statistical Area,,,,,Central
06109,06,Tuolumne County,California,43760,"Sonora, CA",Micropolitan Statistical Area,,,,,Central
06111,06,Ventura County,California,37100,"Oxnard-Thousand Oaks-Ventura, CA",Metropolitan Statistical Area,,,348,"Los Angeles-Long Beach, CA",Central
06113,06,Yolo County,California,40900,"Sacramento-Roseville-Folsom, CA",Metropolitan Statistical Area,,,472,"Sacramento-Roseville, CA",Outlying
06115,06,Yuba County,California,49700,"Yuba City, CA",Metropolitan Statistical Area,,,472,"Sacramento-Roseville, CA",Central
08001,08,Adams County,Colorado,19740,"Denver-Aurora-Centennial, CO",Metropolitan Statistical Area,,,216,"Denver-Aurora-Greeley, CO",Central
08003,08,Alamosa County,Colorado,10480,"Alamosa, CO",Micropolitan Statistical Area,,,,,Central
08005,08,Arapahoe County,Colorado,19740,"Denver-Aurora-Centennial, CO",Metropolitan Statistical Area,,,216,"Denver-Aurora-Greeley, CO",Central
08013,08,Boulder County,Colorado,14500,"Boulder, CO",Metropolitan Statistical Area,,,216,"Denver-Aurora-Greeley, CO",Central
08014,08,Broomfield County,Colorado,19740,"Denver-Aurora-Centennial, CO",Metropolitan Statistical Area,,,216,"Denver-Aurora-Greeley, CO",Central
08019,08,Clear Creek County,Colorado,19740,"Denver-Aurora-Centennial, CO",Metropolitan Statistical Area,,,216,"Denver-Aurora-Greeley, CO",Outlying
08021,08,Conejos County,Colorado,10480,"Alamosa, CO",Micropolitan Statistical Area,,,,,Outlying
08023,08,Costilla County,Colorado,10480,"Alamosa, CO",Micropolitan Statistical Area,,,,,Outlying
08031,08,Denver County,Colorado,19740,"Denver-Aurora-Centennial, CO",Metropolitan Statistical Area,,,216,"Denver-Aurora-Greeley, CO",Central
08035,08,Douglas County,Colorado,19740,"Denver-Aurora-Centennial, CO",Metropolitan Statistical Area,,,216,"Denver-Aurora-Greeley, CO",Central
08037,08,Eagle County,Colorado,20780,"Edwards, CO",Micropolitan Statistical Area,,,233,"Edwards-Rifle, CO",Central
08039,08,Elbert County,Colorado,19740,"Denver-Aurora-Centennial, CO",Metropolitan Statistical Area,,,216,"Denver-Aurora-Greeley, CO",Outlying
08041,08,El Paso County,Colorado,17820,"Colorado Springs, CO",Metropolitan Statistical Area,,,,,Central
08043,08,Fremont County,Colorado,15860,"Cañon City, CO",Micropolitan Statistical Area,,,444,"Pueblo-Cañon City, CO",Central
08045,08,Garfield County,Colorado,40090,"Rifle, CO",Micropolitan Statistical Area,,,233,"Edwards-Rifle, CO",Central
08047,08,Gilpin County,Colorado,19740,"Denver-Aurora-Centennial, CO",Metropolitan Statistical Area,,,216,"Denver-Aurora-Greeley, CO",Outlying
08059,08,Jefferson County,Colorado,19740,"Denver-Aurora-Centennial, CO",Metropolitan Statistical Area,,,216,"Denver-Aurora-Greeley, CO",Central
08065,08,Lake County,Colorado,14720,"Breckenridge, CO",Micropolitan Statistical Area,,,,,Outlying
08067,08,La Plata County,Colorado,20420,"Durango, CO",Micropolitan Statistical Area,,,,,Central
08069,08,Larimer County,Colorado,22660,"Fort Collins-Loveland, CO",Metropolitan Statistical Area,,,,,Central
08075,08,Logan County,Colorado,44540,"Sterling, CO",Micropolitan Statistical Area,,,,,Central
08077,08,Mesa County,Colorado,24300,"Grand Junction, CO",Metropolitan Statistical Area,,,,,Central
08081,08,Moffat County,Colorado,44460,"Steamboat Springs, CO",Micropolitan Statistical Area,,,,,Outlying
08085,08,Montrose County,Colorado,33940,"Montrose, CO",Micropolitan Statistical Area,,,,,Central
08087,08,Morgan County,Colorado,22820,"Fort Morgan, CO",Micropolitan Statistical Area,,,,,Central
08093,08,Park County,Colorado,19740,"Denver-Aurora-Centennial, CO",Metropolitan Statistical Area,,,216,"Denver-Aurora-Greeley, CO",Outlying
08097,08,Pitkin County,Colorado,40090,"Rifle, CO",Micropolitan Statistical Area,,,233,"Edwards-Rifle, CO",Outlying
08101,08,Pueblo County,Colorado,39380,"Pueblo, CO",Metropolitan Statistical Area,,,444,"Pueblo-Cañon City, CO",Central
08107,08,Routt County,Colorado,44460,"Steamboat Springs, CO",Micropolitan Statistical Area,,,,,Central
08117,08,Summit County,Colorado,14720,"Breckenridge, CO",Micropolitan Statistical Area,,,,,Central
08119,08,Teller County,Colorado,17820,"Colorado Springs, CO",Metropolitan Statistical Area,,,,,Outlying
08123,08,Weld County,Colorado,24540,"Greeley, CO",Metropolitan Statistical Area,,,216,"Denver-Aurora-Greeley, CO",Central
09110,09,Capitol Planning Region,Connecticut,25540,"Hartford-West Hartford-East Hartford, CT",Metropolitan Statistical Area,,,405,"New Haven-Hartford-Waterbury, CT",Central
09120,09,Greater Bridgeport Planning Region,Connecticut,14860,"Bridgeport-Stamford-Danbury, CT",Metropolitan Statistical Area,,,408,"New York-Newark, NY-NJ-CT-PA",Central
09130,09,Lower Connecticut River Valley Planning Region,Connecticut,25540,"Hartford-West Hartford-East Hartford, CT",Metropolitan Statistical Area,,,405,"New Haven-Hartford-Waterbury, CT",Central
09140,09,Naugatuck Valley Planning Region,Connecticut,47930,"Waterbury-Shelton, CT",Metropolitan Statistical Area,,,405,"New Haven-Hartford-Waterbury, CT",Central
09150,09,Northeastern Connecticut Planning Region,Connecticut,39480,"Putnam, CT",Micropolitan Statistical Area,,,405,"New Haven-Hartford-Waterbury, CT",Central
09160,09,Northwest Hills Planning Region,Connecticut,45860,"Torrington, CT",Micropolitan Statistical Area,,,405,"New Haven-Hartford-Waterbury, CT",Central
09170,09,South Central Connecticut Planning Region,Connecticut,35300,"New Haven, CT",Metropolitan Statistical Area,,,405,"New Haven-Hartford-Waterbury, CT",Central
09180,09,Southeastern Connecticut Planning Region,Connecticut,35980,"Norwich-New London-Willimantic, CT",Metropolitan Statistical Area,,,405,"New Haven-Hartford-Waterbury, CT",Central
09190,09,Western Connecticut Planning Region,Connecticut,14860,"Bridgeport-Stamford-Danbury, CT",Metropolitan Statistical Area,,,408,"New York-Newark, NY-NJ-CT-PA",Central
10001,10,Kent County,Delaware,20100,"Dover, DE",Metropolitan Statistical Area,,,428,"Philadelphia-Reading-Camden, PA-NJ-DE-MD",Central
10003,10,New Castle County,Delaware,37980,"Philadelphia-Camden-Wilmington, PA-NJ-DE-MD",Metropolitan Statistical Area,48864,"Wilmington, DE-MD-NJ",428,"Philadelphia-Reading-Camden, PA-NJ-DE-MD",Central
10005,10,Sussex County,Delaware,42580,"Seaford, DE",Micropolitan Statistical Area,,,,,Central
11001,11,District of Columbia,District of Columbia,47900,"Washington-Arlington-Alexandria, DC-VA-MD-WV",Metropolitan Statistical Area,47764,"Washington, DC-MD",548,"Washington-Baltimore-Arlington, DC-MD-VA-WV-PA",Central
12001,12,Alachua County,Florida,23540,"Gainesville, FL",Metropolitan Statistical Area,,,264,"Gainesville-Lake City, FL",Central
12003,12,Baker County,Florida,27260,"Jacksonville, FL",Metropolitan Statistical Area,,,300,"Jacksonville-Kingsland-Palatka, FL-GA",Outlying
12005,12,Bay County,Florida,37460,"Panama City-Panama City Beach, FL",Metropolitan Statistical Area,,,,,Central
12009,12,Brevard County,Florida,37340,"Palm Bay-Melbourne-Titusville, FL",Metropolitan Statistical Area,,,,,Central
12011,12,Broward County,Florida,33100,"Miami-Fort Lauderdale-West Palm Beach, FL",Metropolitan Statistical Area,22744,"Fort Lauderdale-Pompano Beach-Sunrise, FL",370,"Miami-Port St. Lucie-Fort Lauderdale, FL",Central
12015,12,Charlotte County,Florida,39460,"Punta Gorda, FL",Metropolitan Statistical Area,,,412,"North Port-Bradenton, FL",Central
12017,12,Citrus County,Florida,26140,"Homosassa Springs, FL",Metropolitan Statistical Area,,,,,Central
12019,12,Clay County,Florida,27260,"Jacksonville, FL",Metropolitan Statistical Area,,,300,"Jacksonville-Kingsland-Palatka, FL-GA",Central
12021,12,Collier County,Florida,34940,"Naples-Marco Island, FL",Metropolitan Statistical Area,,,163,"Cape Coral-Fort Myers-Naples, FL",Central
12023,12,Columbia County,Florida,29380,"Lake City, FL",Micropolitan Statistical Area,,,264,"Gainesville-Lake City, FL",Central
12027,12,DeSoto County,Florida,11580,"Arcadia, FL",Micropolitan Statistical Area,,,412,"North Port-Bradenton, FL",Central
12031,12,Duval County,Florida,27260,"Jacksonville, FL",Metropolitan Statistical Area,,,300,"Jacksonville-Kingsland-Palatka, FL-GA",Central
12033,12,Escambia County,Florida,37860,"Pensacola-Ferry Pass-Brent, FL",Metropolitan Statistical Area,,,,,Central
12035,12,Flagler County,Florida,19660,"Deltona-Daytona Beach-Ormond Beach, FL",Metropolitan Statistical Area,,,422,"Orlando-Lakeland-Deltona, FL",Central
12039,12,Gadsden County,Florida,45220,"Tallahassee, FL",Metropolitan Statistical Area,,,533,"Tallahassee-Bainbridge, FL-GA",Outlying
12041,12,Gilchrist County,Florida,23540,"Gainesville, FL",Metropolitan Statistical Area,,,264,"Gainesville-Lake City, FL",Outlying
12043,12,Glades County,Florida,17500,"Clewiston, FL",Micropolitan Statistical Area,,,163,"Cape Coral-Fort Myers-Naples, FL",Outlying
12051,12,Hendry County,Florida,17500,"Clewiston, FL",Micropolitan Statistical Area,,,163,"Cape Coral-Fort Myers-Naples, FL",Central
12053,12,Hernando County,Florida,45300,"Tampa-St. Petersburg-Clearwater, FL",Metropolitan Statistical Area,45294,"Tampa, FL",,,Outlying
12055,12,Highlands County,Florida,42700,"Sebring, FL",Metropolitan Statistical Area,,,,,Central
12057,12,Hillsborough County,Florida,45300,"Tampa-St. Petersburg-Clearwater, FL",Metropolitan Statistical Area,45294,"Tampa, FL",,,Central
12061,12,Indian River County,Florida,42680,"Sebastian-Vero Beach-West Vero Corridor, FL",Metropolitan Statistical Area,,,370,"Miami-Port St. Lucie-Fort Lauderdale, FL",Central
12065,12,Jefferson County,Florida,45220,"Tallahassee, FL",Metropolitan Statistical Area,,,533,"Tallahassee-Bainbridge, FL-GA",Outlying
12069,12,Lake County,Florida,36740,"Orlando-Kissimmee-Sanford, FL",Metropolitan Statistical Area,,,422,"Orlando-Lakeland-Deltona, FL",Outlying
12071,12,Lee County,Florida,15980,"Cape Coral-Fort Myers, FL",Metropolitan Statistical Area,,,163,"Cape Coral-Fort Myers-Naples, FL",Central
12073,12,Leon County,Florida,45220,"Tallahassee, FL",Metropolitan Statistical Area,,,533,"Tallahassee-Bainbridge, FL-GA",Central
12075,12,Levy County,Florida,23540,"Gainesville, FL",Metropolitan Statistical Area,,,264,"Gainesville-Lake City, FL",Outlying
12081,12,Manatee County,Florida,35840,"North Port-Bradenton-Sarasota, FL",Metropolitan Statistical Area,,,412,"North Port-Bradenton, FL",Central
12083,12,Marion County,Florida,36100,"Ocala, FL",Metropolitan Statistical Area,,,,,Central
12085,12,Martin County,Florida,38940,"Port St. Lucie, FL",Metropolitan Statistical Area,,,370,"Miami-Port St. Lucie-Fort Lauderdale, FL",Central
12086,12,Miami-Dade County,Florida,33100,"Miami-Fort Lauderdale-West Palm Beach, FL",Metropolitan Statistical Area,33124,"Miami-Miami Beach-Kendall, FL",370,"Miami-Port St. Lucie-Fort Lauderdale, FL",Central
12087,12,Monroe County,Florida,28580,"Key West-Key Largo, FL",Micropolitan Statistical Area,,,370,"Miami-Port St. Lucie-Fort Lauderdale, FL",Central
12089,12,Nassau County,Florida,27260,"Jacksonville, FL",Metropolitan Statistical Area,,,300,"Jacksonville-Kingsland-Palatka, FL-GA",Outlying
12091,12,Okaloosa County,Florida,18880,"Crestview-Fort Walton Beach-Destin, FL",Metropolitan Statistical Area,,,,,Central
12093,12,Okeechobee County,Florida,36380,"Okeechobee, FL",Micropolitan Statistical Area,,,370,"Miami-Port St. Lucie-Fort Lauderdale, FL",Central
12095,12,Orange County,Florida,36740,"Orlando-Kissimmee-Sanford, FL",Metropolitan Statistical Area,,,422,"Orlando-Lakeland-Deltona, FL",Central
12097,12,Osceola County,Florida,36740,"Orlando-Kissimmee-Sanford, FL",Metropolitan Statistical Area,,,422,"Orlando-Lakeland-Deltona, FL",Outlying
12099,12,Palm Beach County,Florida,33100,"Miami-Fort Lauderdale-West Palm Beach, FL",Metropolitan Statistical Area,48424,"West Palm Beach-Boca Raton-Delray Beach, FL",370,"Miami-Port St. Lucie-Fort Lauderdale, FL",Central
12101,12,Pasco County,Florida,45300,"Tampa-St. Petersburg-Clearwater, FL",Metropolitan Statistical Area,45294,"Tampa, FL",,,Central
12103,12,Pinellas County,Florida,45300,"Tampa-St. Petersburg-Clearwater, FL",Metropolitan Statistical Area,41304,"St. Petersburg-Clearwater-Largo, FL",,,Central
12105,12,Polk County,Florida,29460,"Lakeland-Winter Haven, FL",Metropolitan Statistical Area,,,422,"Orlando-Lakeland-Deltona, FL",Central
12107,12,Putnam County,Florida,37260,"Palatka, FL",Micropolitan Statistical Area,,,300,"Jacksonville-Kingsland-Palatka, FL-GA",Central
12109,12,St. Johns County,Florida,27260,"Jacksonville, FL",Metropolitan Statistical Area,,,300,"Jacksonville-Kingsland-Palatka, FL-GA",Central
12111,12,St. Lucie County,Florida,38940,"Port St. Lucie, FL",Metropolitan Statistical Area,,,370,"Miami-Port St. Lucie-Fort Lauderdale, FL",Central
12113,12,Santa Rosa County,Florida,37860,"Pensacola-Ferry Pass-Brent, FL",Metropolitan Statistical Area,,,,,Central
12115,12,Sarasota County,Florida,35840,"North Port-Bradenton-Sarasota, FL",Metropolitan Statistical Area,,,412,"North Port-Bradenton, FL",Central
12117,12,Seminole County,Florida,36740,"Orlando-Kissimmee-Sanford, FL",Metropolitan Statistical Area,,,422,"Orlando-Lakeland-Deltona, FL",Central
12119,12,Sumter County,Florida,48680,"Wildwood-The Villages, FL",Metropolitan Statistical Area,,,422,"Orlando-Lakeland-Deltona, FL",Central
12127,12,Volusia County,Florida,19660,"Deltona-Daytona Beach-Ormond Beach, FL",Metropolitan Statistical Area,,,422,"Orlando-Lakeland-Deltona, FL",Central
12129,12,Wakulla County,Florida,45220,"Tallahassee, FL",Metropolitan Statistical Area,,,533,"Tallahassee-Bainbridge, FL-GA",Outlying
12131,12,Walton County,Florida,18880,"Crestview-Fort Walton Beach-Destin, FL",Metropolitan Statistical Area,,,,,Central
12133,12,Washington County,Florida,37460,"Panama City-Panama City Beach, FL",Metropolitan Statistical Area,,,,,Outlying
13003,13,Atkinson County,Georgia,20060,"Douglas, GA",Micropolitan Statistical Area,,,,,Outlying
13009,13,Baldwin County,Georgia,33300,"Milledgeville, GA",Micropolitan Statistical Area,,,,,Central
13013,13,Barrow County,Georgia,12060,"Atlanta-Sandy Springs-Roswell, GA",Metropolitan Statistical Area,12054,"Atlanta-Sandy Springs-Roswell, GA",122,"Atlanta--Athens-Clarke County--Sandy Springs, GA-AL",Outlying
13015,13,Bartow County,Georgia,12060,"Atlanta-Sandy Springs-Roswell, GA",Metropolitan Statistical Area,31924,"Marietta, GA",122,"Atlanta--Athens-Clarke County--Sandy Springs, GA-AL",Outlying
13017,13,Ben Hill County,Georgia,22340,"Fitzgerald, GA",Micropolitan Statistical Area,,,,,Central
13021,13,Bibb County,Georgia,31420,"Macon-Bibb County, GA",Metropolitan Statistical Area,,,356,"Macon-Bibb County--Warner Robins, GA",Central
13025,13,Brantley County,Georgia,15260,"Brunswick-St. Simons, GA",Metropolitan Statistical Area,,,,,Outlying
13027,13,Brooks County,Georgia,46660,"Valdosta, GA",Metropolitan Statistical Area,,,,,Outlying
13029,13,Bryan County,Georgia,42340,"Savannah, GA",Metropolitan Statistical Area,,,496,"Savannah-Hinesville-Statesboro, GA",Central
13031,13,Bulloch County,Georgia,44340,"Statesboro, GA",Micropolitan Statistical Area,,,496,"Savannah-Hinesville-Statesboro, GA",Central
13033,13,Burke County,Georgia,12260,"Augusta-Richmond County, GA-SC",Metropolitan Statistical Area,,,,,Outlying
13035,13,Butts County,Georgia,12060,"Atlanta-Sandy Springs-Roswell, GA",Metropolitan Statistical Area,12054,"Atlanta-Sandy Springs-Roswell, GA",122,"Atlanta--Athens-Clarke County--Sandy Springs, GA-AL",Outlying
13039,13,Camden County,Georgia,28680,"Kingsland, GA",Micropolitan Statistical Area,,,300,"Jacksonville-Kingsland-Palatka, FL-GA",Central
13045,13,Carroll County,Georgia,12060,"Atlanta-Sandy Springs-Roswell, GA",Metropolitan Statistical Area,12054,"Atlanta-Sandy Springs-Roswell, GA",122,"Atlanta--Athens-Clarke County--Sandy Springs, GA-AL",Outlying
13047,13,Catoosa County,Georgia,16860,"Chattanooga, TN-GA",Metropolitan Statistical Area,,,174,"Chattanooga-Cleveland-Dalton, TN-GA-AL",Central
13051,13,Chatham County,Georgia,42340,"Savannah, GA",Metropolitan Statistical Area,,,496,"Savannah-Hinesville-Statesboro, GA",Central
13053,13,Chattahoochee County,Georgia,17980,"Columbus, GA-AL",Metropolitan Statistical Area,,,194,"Columbus-Auburn-Opelika, GA-AL",Central
13055,13,Chattooga County,Georgia,44900,"Summerville, GA",Micropolitan Statistical Area,,,174,"Chattanooga-Cleveland-Dalton, TN-GA-AL",Central
13057,13,Cherokee County,Georgia,12060,"Atlanta-Sandy Springs-Roswell, GA",Metropolitan Statistical Area,31924,"Marietta, GA",122,"Atlanta--Athens-Clarke County--Sandy Springs, GA-AL",Central
13059,13,Clarke County,Georgia,12020,"Athens-Clarke County, GA",Metropolitan Statistical Area,,,122,"Atlanta--Athens-Clarke County--Sandy Springs, GA-AL",Central
13063,13,Clayton County,Georgia,12060,"Atlanta-Sandy Springs-Roswell, GA",Metropolitan Statistical Area,12054,"Atlanta-Sandy Springs-Roswell, GA",122,"Atlanta--Athens-Clarke County--Sandy Springs, GA-AL",Central
13067,13,Cobb County,Georgia,12060,"Atlanta-Sandy Springs-Roswell, GA",Metropolitan Statistical Area,31924,"Marietta, GA",122,"Atlanta--Athens-Clarke County--Sandy Springs, GA-AL",Central
13069,13,Coffee County,Georgia,20060,"Douglas, GA",Micropolitan Statistical Area,,,,,Central
13071,13,Colquitt County,Georgia,34220,"Moultrie, GA",Micropolitan Statistical Area,,,,,Central
13073,13,Columbia County,Georgia,12260,"Augusta-Richmond County, GA-SC",Metropolitan Statistical Area,,,,,Central
13077,13,Coweta County,Georgia,12060,"Atlanta-Sandy Springs-Roswell, GA",Metropolitan Statistical Area,12054,"Atlanta-Sandy Springs-Roswell, GA",122,"Atlanta--Athens-Clarke County--Sandy Springs, GA-AL",Central
13079,13,Crawford County,Georgia,31420,"Macon-Bibb County, GA",Metropolitan Statistical Area,,,356,"Macon-Bibb County--Warner Robins, GA",Outlying
13081,13,Crisp County,Georgia,18380,"Cordele, GA",Micropolitan Statistical Area,,,,,Central
13083,13,Dade County,Georgia,16860,"Chattanooga, TN-GA",Metropolitan Statistical Area,,,174,"Chattanooga-Cleveland-Dalton, TN-GA-AL",Outlying
13085,13,Dawson County,Georgia,12060,"Atlanta-Sandy Springs-Roswell, GA",Metropolitan Statistical Area,12054,"Atlanta-Sandy Springs-Roswell, GA",122,"Atlanta--Athens-Clarke County--Sandy Springs, GA-AL",Central
13087,13,Decatur County,Georgia,12460,"Bainbridge, GA",Micropolitan Statistical Area,,,533,"Tallahassee-Bainbridge, FL-GA",Central
13089,13,DeKalb County,Georgia,12060,"Atlanta-Sandy Springs-Roswell, GA",Metropolitan Statistical Area,12054,"Atlanta-Sandy Springs-Roswell, GA",122,"Atlanta--Athens-Clarke County--Sandy Springs, GA-AL",Central
13095,13,Dougherty County,Georgia,10500,"Albany, GA",Metropolitan Statistical Area,,,,,Central
13097,13,Douglas County,Georgia,12060,"Atlanta-Sandy Springs-Roswell, GA",Metropolitan Statistical Area,12054,"Atlanta-Sandy Springs-Roswell, GA",122,"Atlanta--Athens-Clarke County--Sandy Springs, GA-AL",Central
13101,13,Echols County,Georgia,46660,"Valdosta, GA",Metropolitan Statistical Area,,,,,Outlying
13103,13,Effingham County,Georgia,42340,"Savannah, GA",Metropolitan Statistical Area,,,496,"Savannah-Hinesville-Statesboro, GA",Outlying
13109,13,Evans County,Georgia,44340,"Statesboro, GA",Micropolitan Statistical Area,,,496,"Savannah-Hinesville-Statesboro, GA",Outlying
13113,13,Fayette County,Georgia,12060,"Atlanta-Sandy Springs-Roswell, GA",Metropolitan Statistical Area,12054,"Atlanta-Sandy Springs-Roswell, GA",122,"Atlanta--Athens-Clarke County--Sandy Springs, GA-AL",Central
13115,13,Floyd County,Georgia,40660,"Rome, GA",Metropolitan Statistical Area,,,122,"Atlanta--Athens-Clarke County--Sandy Springs, GA-AL",Central
13117,13,Forsyth County,Georgia,12060,"Atlanta-Sandy Springs-Roswell, GA",Metropolitan Statistical Area,12054,"Atlanta-Sandy Springs-Roswell, GA",122,"Atlanta--Athens-Clarke County--Sandy Springs, GA-AL",Central
13121,13,Fulton County,Georgia,12060,"Atlanta-Sandy Springs-Roswell, GA",Metropolitan Statistical Area,12054,"Atlanta-Sandy Springs-Roswell, GA",122,"Atlanta--Athens-Clarke County--Sandy Springs, GA-AL",Central
13127,13,Glynn County,Georgia,15260,"Brunswick-St. Simons, GA",Metropolitan Statistical Area,,,,,Central
13129,13,Gordon County,Georgia,15660,"Calhoun, GA",Micropolitan Statistical Area,,,122,"Atlanta--Athens-Clarke County--Sandy Springs, GA-AL",Central
13131,13,Grady County,Georgia,45620,"Thomasville, GA",Micropolitan Statistical Area,,,,,Outlying
13135,13,Gwinnett County,Georgia,12060,"Atlanta-Sandy Springs-Roswell, GA",Metropolitan Statistical Area,12054,"Atlanta-Sandy Springs-Roswell, GA",122,"Atlanta--Athens-Clarke County--Sandy Springs, GA-AL",Central
13137,13,Habersham County,Georgia,18460,"Cornelia, GA",Micropolitan Statistical Area,,,122,"Atlanta--Athens-Clarke County--Sandy Springs, GA-AL",Central
13139,13,Hall County,Georgia,23580,"Gainesville, GA",Metropolitan Statistical Area,,,122,"Atlanta--Athens-Clarke County--Sandy Springs, GA-AL",Central
13143,13,Haralson County,Georgia,12060,"Atlanta-Sandy Springs-Roswell, GA",Metropolitan Statistical Area,31924,"Marietta, GA",122,"Atlanta--Athens-Clarke County--Sandy Springs, GA-AL",Outlying
13145,13,Harris County,Georgia,17980,"Columbus, GA-AL",Metropolitan Statistical Area,,,194,"Columbus-Auburn-Opelika, GA-AL",Outlying
13149,13,Heard County,Georgia,12060,"Atlanta-Sandy Springs-Roswell, GA",Metropolitan Statistical Area,12054,"Atlanta-Sandy Springs-Roswell, GA",122,"Atlanta--Athens-Clarke County--Sandy Springs, GA-AL",Outlying
13151,13,Henry County,Georgia,12060,"Atlanta-Sandy Springs-Roswell, GA",Metropolitan Statistical Area,12054,"Atlanta-Sandy Springs-Roswell, GA",122,"Atlanta--Athens-Clarke County--Sandy Springs, GA-AL",Central
13153,13,Houston County,Georgia,47580,"Warner Robins, GA",Metropolitan Statistical Area,,,356,"Macon-Bibb County--Warner Robins, GA",Central
13157,13,Jackson County,Georgia,27600,"Jefferson, GA",Micropolitan Statistical Area,,,122,"Atlanta--Athens-Clarke County--Sandy Springs, GA-AL",Central
13159,13,Jasper County,Georgia,12060,"Atlanta-Sandy Springs-Roswell, GA",Metropolitan Statistical Area,12054,"Atlanta-Sandy Springs-Roswell, GA",122,"Atlanta--Athens-Clarke County--Sandy Springs, GA-AL",Outlying
13167,13,Johnson County,Georgia,20140,"Dublin, GA",Micropolitan Statistical Area,,,,,Outlying
13169,13,Jones County,Georgia,31420,"Macon-Bibb County, GA",Metropolitan Statistical Area,,,356,"Macon-Bibb County--Warner Robins, GA",Outlying
13173,13,Lanier County,Georgia,46660,"Valdosta, GA",Metropolitan Statistical Area,,,,,Outlying
13175,13,Laurens County,Georgia,20140,"Dublin, GA",Micropolitan Statistical Area,,,,,Central
13177,13,Lee County,Georgia,10500,"Albany, GA",Metropolitan Statistical Area,,,,,Central
13179,13,Liberty County,Georgia,25980,"Hinesville, GA",Metropolitan Statistical Area,,,496,"Savannah-Hinesville-Statesboro, GA",Central
13181,13,Lincoln County,Georgia,12260,"Augusta-Richmond County, GA-SC",Metropolitan Statistical Area,,,,,Outlying
13183,13,Long County,Georgia,25980,"Hinesville, GA",Metropolitan Statistical Area,,,496,"Savannah-Hinesville-Statesboro, GA",Outlying
13185,13,Lowndes County,Georgia,46660,"Valdosta, GA",Metropolitan Statistical Area,,,,,Central
13187,13,Lumpkin County,Georgia,12060,"Atlanta-Sandy Springs-Roswell, GA",Metropolitan Statistical Area,12054,"Atlanta-Sandy Springs-Roswell, GA",122,"Atlanta--Athens-Clarke County--Sandy Springs, GA-AL",Outlying
13189,13,McDuffie County,Georgia,12260,"Augusta-Richmond County, GA-SC",Metropolitan Statistical Area,,,,,Outlying
13191,13,McIntosh County,Georgia,15260,"Brunswick-St. Simons, GA",Metropolitan Statistical Area,,,,,Outlying
13195,13,Madison County,Georgia,12020,"Athens-Clarke County, GA",Metropolitan Statistical Area,,,122,"Atlanta--Athens-Clarke County--Sandy Springs, GA-AL",Outlying
13197,13,Marion County,Georgia,17980,"Columbus, GA-AL",Metropolitan Statistical Area,,,194,"Columbus-Auburn-Opelika, GA-AL",Outlying
13199,13,Meriwether County,Georgia,12060,"Atlanta-Sandy Springs-Roswell, GA",Metropolitan Statistical Area,12054,"Atlanta-Sandy Springs-Roswell, GA",122,"Atlanta--Athens-Clarke County--Sandy Springs, GA-AL",Outlying
13207,13,Monroe County,Georgia,31420,"Macon-Bibb County, GA",Metropolitan Statistical Area,,,356,"Macon-Bibb County--Warner Robins, GA",Outlying
13209,13,Montgomery County,Georgia,47080,"Vidalia, GA",Micropolitan Statistical Area,,,,,Outlying
13211,13,Morgan County,Georgia,12060,"Atlanta-Sandy Springs-Roswell, GA",Metropolitan Statistical Area,12054,"Atlanta-Sandy Springs-Roswell, GA",122,"Atlanta--Athens-Clarke County--Sandy Springs, GA-AL",Outlying
13213,13,Murray County,Georgia,19140,"Dalton, GA",Metropolitan Statistical Area,,,174,"Chattanooga-Cleveland-Dalton, TN-GA-AL",Outlying
13215,13,Muscogee County,Georgia,17980,"Columbus, GA-AL",Metropolitan Statistical Area,,,194,"Columbus-Auburn-Opelika, GA-AL",Central
13217,13,Newton County,Georgia,12060,"Atlanta-Sandy Springs-Roswell, GA",Metropolitan Statistical Area,12054,"Atlanta-Sandy Springs-Roswell, GA",122,"Atlanta--Athens-Clarke County--Sandy Springs, GA-AL",Central
13219,13,Oconee County,Georgia,12020,"Athens-Clarke County, GA",Metropolitan Statistical Area,,,122,"Atlanta--Athens-Clarke County--Sandy Springs, GA-AL",Central
13221,13,Oglethorpe County,Georgia,12020,"Athens-Clarke County, GA",Metropolitan Statistical Area,,,122,"Atlanta--Athens-Clarke County--Sandy Springs, GA-AL",Outlying
13223,13,Paulding County,Georgia,12060,"Atlanta-Sandy Springs-Roswell, GA",Metropolitan Statistical Area,31924,"Marietta, GA",122,"Atlanta--Athens-Clarke County--Sandy Springs, GA-AL",Central
13225,13,Peach County,Georgia,47580,"Warner Robins, GA",Metropolitan Statistical Area,,,356,"Macon-Bibb County--Warner Robins, GA",Central
13227,13,Pickens County,Georgia,12060,"Atlanta-Sandy Springs-Roswell, GA",Metropolitan Statistical Area,12054,"Atlanta-Sandy Springs-Roswell, GA",122,"Atlanta--Athens-Clarke County--Sandy Springs, GA-AL",Outlying
13229,13,Pierce County,Georgia,48180,"Waycross, GA",Micropolitan Statistical Area,,,,,Outlying
13231,13,Pike County,Georgia,12060,"Atlanta-Sandy Springs-Roswell, GA",Metropolitan Statistical Area,12054,"Atlanta-Sandy Springs-Roswell, GA",122,"Atlanta--Athens-Clarke County--Sandy Springs, GA-AL",Outlying
13233,13,Polk County,Georgia,16340,"Cedartown, GA",Micropolitan Statistical Area,,,122,"Atlanta--Athens-Clarke County--Sandy Springs, GA-AL",Central
13239,13,Quitman County,Georgia,21640,"Eufaula, AL-GA",Micropolitan Statistical Area,,,,,Outlying
13245,13,Richmond County,Georgia,12260,"Augusta-Richmond County, GA-SC",Metropolitan Statistical Area,,,,,Central
13247,13,Rockdale County,Georgia,12060,"Atlanta-Sandy Springs-Roswell, GA",Metropolitan Statistical Area,12054,"Atlanta-Sandy Springs-Roswell, GA",122,"Atlanta--Athens-Clarke County--Sandy Springs, GA-AL",Central
13249,13,Schley County,Georgia,11140,"Americus, GA",Micropolitan Statistical Area,,,,,Outlying
13255,13,Spalding County,Georgia,12060,"Atlanta-Sandy Springs-Roswell, GA",Metropolitan Statistical Area,12054,"Atlanta-Sandy Springs-Roswell, GA",122,"Atlanta--Athens-Clarke County--Sandy Springs, GA-AL",Outlying
13257,13,Stephens County,Georgia,45740,"Toccoa, GA",Micropolitan Statistical Area,,,,,Central
13259,13,Stewart County,Georgia,17980,"Columbus, GA-AL",Metropolitan Statistical Area,,,194,"Columbus-Auburn-Opelika, GA-AL",Outlying
13261,13,Sumter County,Georgia,11140,"Americus, GA",Micropolitan Statistical Area,,,,,Central
13263,13,Talbot County,Georgia,17980,"Columbus, GA-AL",Metropolitan Statistical Area,,,194,"Columbus-Auburn-Opelika, GA-AL",Outlying
13273,13,Terrell County,Georgia,10500,"Albany, GA",Metropolitan Statistical Area,,,,,Outlying
13275,13,Thomas County,Georgia,45620,"Thomasville, GA",Micropolitan Statistical Area,,,,,Central
13277,13,Tift County,Georgia,45700,"Tifton, GA",Micropolitan Statistical Area,,,,,Central
13279,13,Toombs County,Georgia,47080,"Vidalia, GA",Micropolitan Statistical Area,,,,,Central
13285,13,Troup County,Georgia,29300,"LaGrange, GA-AL",Micropolitan Statistical Area,,,122,"Atlanta--Athens-Clarke County--Sandy Springs, GA-AL",Central
13287,13,Turner County,Georgia,45700,"Tifton, GA",Micropolitan Statistical Area,,,,,Outlying
13289,13,Twiggs County,Georgia,31420,"Macon-Bibb County, GA",Metropolitan Statistical Area,,,356,"Macon-Bibb County--Warner Robins, GA",Outlying
13293,13,Upson County,Georgia,45580,"Thomaston, GA",Micropolitan Statistical Area,,,122,"Atlanta--Athens-Clarke County--Sandy Springs, GA-AL",Central
13295,13,Walker County,Georgia,16860,"Chattanooga, TN-GA",Metropolitan Statistical Area,,,174,"Chattanooga-Cleveland-Dalton, TN-GA-AL",Central
13297,13,Walton County,Georgia,12060,"Atlanta-Sandy Springs-Roswell, GA",Metropolitan Statistical Area,12054,"Atlanta-Sandy Springs-Roswell, GA",122,"Atlanta--Athens-Clarke County--Sandy Springs, GA-AL",Central
13299,13,Ware County,Georgia,48180,"Waycross, GA",Micropolitan Statistical Area,,,,,Central
13305,13,Wayne County,Georgia,27700,"Jesup, GA",Micropolitan Statistical Area,,,496,"Savannah-Hinesville-Statesboro, GA",Central
13313,13,Whitfield County,Georgia,19140,"Dalton, GA",Metropolitan Statistical Area,,,174,"Chattanooga-Cleveland-Dalton, TN-GA-AL",Central
13321,13,Worth County,Georgia,10500,"Albany, GA",Metropolitan Statistical Area,,,,,Outlying
15001,15,Hawaii County,Hawaii,25900,"Hilo-Kailua, HI",Micropolitan Statistical Area,,,,,Central
15003,15,Honolulu County,Hawaii,46520,"Urban Honolulu, HI",Metropolitan Statistical Area,,,,,Central
15005,15,Kalawao County,Hawaii,27980,"Kahului-Wailuku, HI",Metropolitan Statistical Area,,,,,Outlying
15007,15,Kauai County,Hawaii,28180,"Kapaa, HI",Micropolitan Statistical Area,,,,,Central
15009,15,Maui County,Hawaii,27980,"Kahului-Wailuku, HI",Metropolitan Statistical Area,,,,,Central
16001,16,Ada County,Idaho,14260,"Boise City, ID",Metropolitan Statistical Area,,,147,"Boise City-Mountain Home-Ontario, ID-OR",Central
16005,16,Bannock County,Idaho,38540,"Pocatello, ID",Metropolitan Statistical Area,,,,,Central
16011,16,Bingham County,Idaho,13940,"Blackfoot, ID",Micropolitan Statistical Area,,,292,"Idaho Falls-Rexburg-Blackfoot, ID",Central
16013,16,Blaine County,Idaho,25200,"Hailey, ID",Micropolitan Statistical Area,,,,,Central
16015,16,Boise County,Idaho,14260,"Boise City, ID",Metropolitan Statistical Area,,,147,"Boise City-Mountain Home-Ontario, ID-OR",Outlying
16017,16,Bonner County,Idaho,41760,"Sandpoint, ID",Micropolitan Statistical Area,,,,,Central
16019,16,Bonneville County,Idaho,26820,"Idaho Falls, ID",Metropolitan Statistical Area,,,292,"Idaho Falls-Rexburg-Blackfoot, ID",Central
16023,16,Butte County,Idaho,26820,"Idaho Falls, ID",Metropolitan Statistical Area,,,292,"Idaho Falls-Rexburg-Blackfoot, ID",Outlying
16025,16,Camas County,Idaho,25200,"Hailey, ID",Micropolitan Statistical Area,,,,,Outlying
16027,16,Canyon County,Idaho,14260,"Boise City, ID",Metropolitan Statistical Area,,,147,"Boise City-Mountain Home-Ontario, ID-OR",Outlying
16031,16,Cassia County,Idaho,15420,"Burley, ID",Micropolitan Statistical Area,,,,,Central
16039,16,Elmore County,Idaho,34300,"Mountain Home, ID",Micropolitan Statistical Area,,,147,"Boise City-Mountain Home-Ontario, ID-OR",Central
16041,16,Franklin County,Idaho,30860,"Logan, UT-ID",Metropolitan Statistical Area,,,,,Outlying
16043,16,Fremont County,Idaho,39940,"Rexburg, ID",Micropolitan Statistical Area,,,292,"Idaho Falls-Rexburg-Blackfoot, ID",Outlying
16045,16,Gem County,Idaho,14260,"Boise City, ID",Metropolitan Statistical Area,,,147,"Boise City-Mountain Home-Ontario, ID-OR",Outlying
16051,16,Jefferson County,Idaho,26820,"Idaho Falls, ID",Metropolitan Statistical Area,,,292,"Idaho Falls-Rexburg-Blackfoot, ID",Outlying
16053,16,Jerome County,Idaho,46300,"Twin Falls, ID",Metropolitan Statistical Area,,,,,Outlying
16055,16,Kootenai County,Idaho,17660,"Coeur d'Alene, ID",Metropolitan Statistical Area,,,518,"Spokane-Spokane Valley-Coeur d'Alene, WA-ID",Central
16057,16,Latah County,Idaho,34140,"Moscow, ID",Micropolitan Statistical Area,,,446,"Pullman-Moscow, WA-ID",Central
16063,16,Lincoln County,Idaho,25200,"Hailey, ID",Micropolitan Statistical Area,,,,,Outlying
16065,16,Madison County,Idaho,39940,"Rexburg, ID",Micropolitan Statistical Area,,,292,"Idaho Falls-Rexburg-Blackfoot, ID",Central
16067,16,Minidoka County,Idaho,15420,"Burley, ID",Micropolitan Statistical Area,,,,,Central
16069,16,Nez Perce County,Idaho,30300,"Lewiston, ID-WA",Metropolitan Statistical Area,,,,,Central
16071,16,Oneida County,Idaho,14940,"Brigham City, UT-ID",Micropolitan Statistical Area,,,482,"Salt Lake City-Provo-Orem, UT-ID",Outlying
16073,16,Owyhee County,Idaho,14260,"Boise City, ID",Metropolitan Statistical Area,,,147,"Boise City-Mountain Home-Ontario, ID-OR",Outlying
16075,16,Payette County,Idaho,36620,"Ontario, OR-ID",Micropolitan Statistical Area,,,147,"Boise City-Mountain Home-Ontario, ID-OR",Central
16081,16,Teton County,Idaho,27220,"Jackson, WY-ID",Micropolitan Statistical Area,,,,,Outlying
16083,16,Twin Falls County,Idaho,46300,"Twin Falls, ID",Metropolitan Statistical Area,,,,,Central
17001,17,Adams County,Illinois,39500,"Quincy, IL-MO",Micropolitan Statistical Area,,,448,"Quincy-Hannibal, IL-MO",Central
17003,17,Alexander County,Illinois,16020,"Cape Girardeau, MO-IL",Metropolitan Statistical Area,,,164,"Cape Girardeau-Sikeston, MO-IL",Outlying
17005,17,Bond County,Illinois,41180,"St. Louis, MO-IL",Metropolitan Statistical Area,,,476,"St. Louis-St. Charles-Farmington, MO-IL",Outlying
17007,17,Boone County,Illinois,40420,"Rockford, IL",Metropolitan Statistical Area,,,466,"Rockford-Freeport-Rochelle, IL",Central
17011,17,Bureau County,Illinois,36837,"Ottawa, IL",Micropolitan Statistical Area,,,176,"Chicago-Naperville, IL-IN-WI",Central
17013,17,Calhoun County,Illinois,41180,"St. Louis, MO-IL",Metropolitan Statistical Area,,,476,"St. Louis-St. Charles-Farmington, MO-IL",Outlying
17019,17,Champaign County,Illinois,16580,"Champaign-Urbana, IL",Metropolitan Statistical Area,,,169,"Champaign-Urbana-Danville, IL",Central
17021,17,Christian County,Illinois,45380,"Taylorville, IL",Micropolitan Statistical Area,,,522,"Springfield-Jacksonville-Lincoln, IL",Central
17027,17,Clinton County,Illinois,41180,"St. Louis, MO-IL",Metropolitan Statistical Area,,,476,"St. Louis-St. Charles-Farmington, MO-IL",Outlying
17029,17,Coles County,Illinois,16660,"Charleston-Mattoon, IL",Micropolitan Statistical Area,,,,,Central
17031,17,Cook County,Illinois,16980,"Chicago-Naperville-Elgin, IL-IN",Metropolitan Statistical Area,16984,"Chicago-Naperville-Schaumburg, IL",176,"Chicago-Naperville, IL-IN-WI",Central
17035,17,Cumberland County,Illinois,20820,"Effingham, IL",Micropolitan Statistical Area,,,,,Outlying
17037,17,DeKalb County,Illinois,16980,"Chicago-Naperville-Elgin, IL-IN",Metropolitan Statistical Area,20994,"Elgin, IL",176,"Chicago-Naperville, IL-IN-WI",Outlying
17043,17,DuPage County,Illinois,16980,"Chicago-Naperville-Elgin, IL-IN",Metropolitan Statistical Area,16984,"Chicago-Naperville-Schaumburg, IL",176,"Chicago-Naperville, IL-IN-WI",Central
17049,17,Effingham County,Illinois,20820,"Effingham, IL",Micropolitan Statistical Area,,,,,Central
17053,17,Ford County,Illinois,16580,"Champaign-Urbana, IL",Metropolitan Statistical Area,,,169,"Champaign-Urbana-Danville, IL",Outlying
17057,17,Fulton County,Illinois,15900,"Canton, IL",Micropolitan Statistical Area,,,427,"Peoria-Canton, IL",Central
17063,17,Grundy County,Illinois,16980,"Chicago-Naperville-Elgin, IL-IN",Metropolitan Statistical Area,16984,"Chicago-Naperville-Schaumburg, IL",176,"Chicago-Naperville, IL-IN-WI",Outlying
17071,17,Henderson County,Illinois,15460,"Burlington, IA-IL",Micropolitan Statistical Area,,,161,"Burlington-Fort Madison, IA-IL",Outlying
17073,17,Henry County,Illinois,19340,"Davenport-Moline-Rock Island, IA-IL",Metropolitan Statistical Area,,,209,"Davenport-Moline, IA-IL",Outlying
17077,17,Jackson County,Illinois,16060,"Carbondale, IL",Micropolitan Statistical Area,,,166,"Carbondale-Marion-Herrin, IL",Central
17081,17,Jefferson County,Illinois,34500,"Mount Vernon, IL",Micropolitan Statistical Area,,,,,Central
17083,17,Jersey County,Illinois,41180,"St. Louis, MO-IL",Metropolitan Statistical Area,,,476,"St. Louis-St. Charles-Farmington, MO-IL",Outlying
17089,17,Kane County,Illinois,16980,"Chicago-Naperville-Elgin, IL-IN",Metropolitan Statistical Area,20994,"Elgin, IL",176,"Chicago-Naperville, IL-IN-WI",Central
17091,17,Kankakee County,Illinois,28100,"Kankakee, IL",Metropolitan Statistical Area,,,176,"Chicago-Naperville, IL-IN-WI",Central
17093,17,Kendall County,Illinois,16980,"Chicago-Naperville-Elgin, IL-IN",Metropolitan Statistical Area,20994,"Elgin, IL",176,"Chicago-Naperville, IL-IN-WI",Central
17095,17,Knox County,Illinois,23660,"Galesburg, IL",Micropolitan Statistical Area,,,,,Central
17097,17,Lake County,Illinois,16980,"Chicago-Naperville-Elgin, IL-IN",Metropolitan Statistical Area,29404,"Lake County, IL",176,"Chicago-Naperville, IL-IN-WI",Central
17099,17,LaSalle County,Illinois,36837,"Ottawa, IL",Micropolitan Statistical Area,,,176,"Chicago-Naperville, IL-IN-WI",Central
17103,17,Lee County,Illinois,19940,"Dixon, IL",Micropolitan Statistical Area,,,221,"Dixon-Sterling, IL",Central
17105,17,Livingston County,Illinois,38700,"Pontiac, IL",Micropolitan Statistical Area,,,145,"Bloomington-Pontiac, IL",Central
17107,17,Logan County,Illinois,30660,"Lincoln, IL",Micropolitan Statistical Area,,,522,"Springfield-Jacksonville-Lincoln, IL",Central
17109,17,McDonough County,Illinois,31380,"Macomb, IL",Micropolitan Statistical Area,,,,,Central
17111,17,McHenry County,Illinois,16980,"Chicago-Naperville-Elgin, IL-IN",Metropolitan Statistical Area,16984,"Chicago-Naperville-Schaumburg, IL",176,"Chicago-Naperville, IL-IN-WI",Central
17113,17,McLean County,Illinois,14010,"Bloomington, IL",Metropolitan Statistical Area,,,145,"Bloomington-Pontiac, IL",Central
17115,17,Macon County,Illinois,19500,"Decatur, IL",Metropolitan Statistical Area,,,,,Central
17117,17,Macoupin County,Illinois,41180,"St. Louis, MO-IL",Metropolitan Statistical Area,,,476,"St. Louis-St. Charles-Farmington, MO-IL",Outlying
17119,17,Madison County,Illinois,41180,"St. Louis, MO-IL",Metropolitan Statistical Area,,,476,"St. Louis-St. Charles-Farmington, MO-IL",Central
17121,17,Marion County,Illinois,16460,"Centralia, IL",Micropolitan Statistical Area,,,476,"St. Louis-St. Charles-Farmington, MO-IL",Central
17123,17,Marshall County,Illinois,37900,"Peoria, IL",Metropolitan Statistical Area,,,427,"Peoria-Canton, IL",Outlying
17127,17,Massac County,Illinois,37140,"Paducah, KY-IL",Metropolitan Statistical Area,,,424,"Paducah-Mayfield, KY-IL",Outlying
17129,17,Menard County,Illinois,44100,"Springfield, IL",Metropolitan Statistical Area,,,522,"Springfield-Jacksonville-Lincoln, IL",Outlying
17131,17,Mercer County,Illinois,19340,"Davenport-Moline-Rock Island, IA-IL",Metropolitan Statistical Area,,,209,"Davenport-Moline, IA-IL",Outlying
17133,17,Monroe County,Illinois,41180,"St. Louis, MO-IL",Metropolitan Statistical Area,,,476,"St. Louis-St. Charles-Farmington, MO-IL",Central
17137,17,Morgan County,Illinois,27300,"Jacksonville, IL",Micropolitan Statistical Area,,,522,"Springfield-Jacksonville-Lincoln, IL",Central
17141,17,Ogle County,Illinois,40300,"Rochelle, IL",Micropolitan Statistical Area,,,466,"Rockford-Freeport-Rochelle, IL",Central
17143,17,Peoria County,Illinois,37900,"Peoria, IL",Metropolitan Statistical Area,,,427,"Peoria-Canton, IL",Central
17147,17,Piatt County,Illinois,16580,"Champaign-Urbana, IL",Metropolitan Statistical Area,,,169,"Champaign-Urbana-Danville, IL",Outlying
17155,17,Putnam County,Illinois,36837,"Ottawa, IL",Micropolitan Statistical Area,,,176,"Chicago-Naperville, IL-IN-WI",Outlying
17161,17,Rock Island County,Illinois,19340,"Davenport-Moline-Rock Island, IA-IL",Metropolitan Statistical Area,,,209,"Davenport-Moline, IA-IL",Central
17163,17,St. Clair County,Illinois,41180,"St. Louis, MO-IL",Metropolitan Statistical Area,,,476,"St. Louis-St. Charles-Farmington, MO-IL",Central
17167,17,Sangamon County,Illinois,44100,"Springfield, IL",Metropolitan Statistical Area,,,522,"Springfield-Jacksonville-Lincoln, IL",Central
17171,17,Scott County,Illinois,27300,"Jacksonville, IL",Micropolitan Statistical Area,,,522,"Springfield-Jacksonville-Lincoln, IL",Outlying
17175,17,Stark County,Illinois,37900,"Peoria, IL",Metropolitan Statistical Area,,,427,"Peoria-Canton, IL",Outlying
17177,17,Stephenson County,Illinois,23300,"Freeport, IL",Micropolitan Statistical Area,,,466,"Rockford-Freeport-Rochelle, IL",Central
17179,17,Tazewell County,Illinois,37900,"Peoria, IL",Metropolitan Statistical Area,,,427,"Peoria-Canton, IL",Central
17183,17,Vermilion County,Illinois,19180,"Danville, IL",Micropolitan Statistical Area,,,169,"Champaign-Urbana-Danville, IL",Central
17195,17,Whiteside County,Illinois,44580,"Sterling, IL",Micropolitan Statistical Area,,,221,"Dixon-Sterling, IL",Central
17197,17,Will County,Illinois,16980,"Chicago-Naperville-Elgin, IL-IN",Metropolitan Statistical Area,16984,"Chicago-Naperville-Schaumburg, IL",176,"Chicago-Naperville, IL-IN-WI",Central
17199,17,Williamson County,Illinois,32060,"Marion-Herrin, IL",Micropolitan Statistical Area,,,166,"Carbondale-Marion-Herrin, IL",Central
17201,17,Winnebago County,Illinois,40420,"Rockford, IL",Metropolitan Statistical Area,,,466,"Rockford-Freeport-Rochelle, IL",Central
17203,17,Woodford County,Illinois,37900,"Peoria, IL",Metropolitan Statistical Area,,,427,"Peoria-Canton, IL",Central
18001,18,Adams County,Indiana,19540,"Decatur, IN",Micropolitan Statistical Area,,,258,"Fort Wayne-Huntington-Auburn, IN",Central
18003,18,Allen County,Indiana,23060,"Fort Wayne, IN",Metropolitan Statistical Area,,,258,"Fort Wayne-Huntington-Auburn, IN",Central
18005,18,Bartholomew County,Indiana,18020,"Columbus, IN",Metropolitan Statistical Area,,,294,"Indianapolis-Carmel-Muncie, IN",Central
18007,18,Benton County,Indiana,29200,"Lafayette-West Lafayette, IN",Metropolitan Statistical Area,,,320,"Lafayette-West Lafayette-Frankfort, IN",Outlying
18011,18,Boone County,Indiana,26900,"Indianapolis-Carmel-Greenwood, IN",Metropolitan Statistical Area,,,294,"Indianapolis-Carmel-Muncie, IN",Central
18013,18,Brown County,Indiana,26900,"Indianapolis-Carmel-Greenwood, IN",Metropolitan Statistical Area,,,294,"Indianapolis-Carmel-Muncie, IN",Outlying
18015,18,Carroll County,Indiana,29200,"Lafayette-West Lafayette, IN",Metropolitan Statistical Area,,,320,"Lafayette-West Lafayette-Frankfort, IN",Outlying
18017,18,Cass County,Indiana,30900,"Logansport, IN",Micropolitan Statistical Area,,,,,Central
18019,18,Clark County,Indiana,31140,"Louisville/Jefferson County, KY-IN",Metropolitan Statistical Area,,,350,"Louisville/Jefferson County--Elizabethtown, KY-IN",Central
18021,18,Clay County,Indiana,45460,"Terre Haute, IN",Metropolitan Statistical Area,,,,,Outlying
18023,18,Clinton County,Indiana,23140,"Frankfort, IN",Micropolitan Statistical Area,,,320,"Lafayette-West Lafayette-Frankfort, IN",Central
18027,18,Daviess County,Indiana,47780,"Washington, IN",Micropolitan Statistical Area,,,,,Central
18029,18,Dearborn County,Indiana,17140,"Cincinnati, OH-KY-IN",Metropolitan Statistical Area,,,178,"Cincinnati-Wilmington, OH-KY-IN",Outlying
18031,18,Decatur County,Indiana,24700,"Greensburg, IN",Micropolitan Statistical Area,,,294,"Indianapolis-Carmel-Muncie, IN",Central
18033,18,DeKalb County,Indiana,12140,"Auburn, IN",Micropolitan Statistical Area,,,258,"Fort Wayne-Huntington-Auburn, IN",Central
18035,18,Delaware County,Indiana,34620,"Muncie, IN",Metropolitan Statistical Area,,,294,"Indianapolis-Carmel-Muncie, IN",Central
18037,18,Dubois County,Indiana,27540,"Jasper, IN",Micropolitan Statistical Area,,,,,Central
18039,18,Elkhart County,Indiana,21140,"Elkhart-Goshen, IN",Metropolitan Statistical Area,,,515,"South Bend-Elkhart-Mishawaka, IN-MI",Central
18041,18,Fayette County,Indiana,18220,"Connersville, IN",Micropolitan Statistical Area,,,458,"Richmond-Connersville, IN",Central
18043,18,Floyd County,Indiana,31140,"Louisville/Jefferson County, KY-IN",Metropolitan Statistical Area,,,350,"Louisville/Jefferson County--Elizabethtown, KY-IN",Central
18047,18,Franklin County,Indiana,17140,"Cincinnati, OH-KY-IN",Metropolitan Statistical Area,,,178,"Cincinnati-Wilmington, OH-KY-IN",Outlying
18053,18,Grant County,Indiana,31980,"Marion, IN",Micropolitan Statistical Area,,,,,Central
18057,18,Hamilton County,Indiana,26900,"Indianapolis-Carmel-Greenwood, IN",Metropolitan Statistical Area,,,294,"Indianapolis-Carmel-Muncie, IN",Central
18059,18,Hancock County,Indiana,26900,"Indianapolis-Carmel-Greenwood, IN",Metropolitan Statistical Area,,,294,"Indianapolis-Carmel-Muncie, IN",Central
18061,18,Harrison County,Indiana,31140,"Louisville/Jefferson County, KY-IN",Metropolitan Statistical Area,,,350,"Louisville/Jefferson County--Elizabethtown, KY-IN",Outlying
18063,18,Hendricks County,Indiana,26900,"Indianapolis-Carmel-Greenwood, IN",Metropolitan Statistical Area,,,294,"Indianapolis-Carmel-Muncie, IN",Central
18065,18,Henry County,Indiana,35220,"New Castle, IN",Micropolitan Statistical Area,,,294,"Indianapolis-Carmel-Muncie, IN",Central
18067,18,Howard County,Indiana,29020,"Kokomo, IN",Metropolitan Statistical Area,,,294,"Indianapolis-Carmel-Muncie, IN",Central
18069,18,Huntington County,Indiana,26540,"Huntington, IN",Micropolitan Statistical Area,,,258,"Fort Wayne-Huntington-Auburn, IN",Central
18071,18,Jackson County,Indiana,42980,"Seymour, IN",Micropolitan Statistical Area,,,294,"Indianapolis-Carmel-Muncie, IN",Central
18073,18,Jasper County,Indiana,16980,"Chicago-Naperville-Elgin, IL-IN",Metropolitan Statistical Area,29414,"Lake County-Porter County-Jasper County, IN",176,"Chicago-Naperville, IL-IN-WI",Outlying
18077,18,Jefferson County,Indiana,31500,"Madison, IN",Micropolitan Statistical Area,,,,,Central
18081,18,Johnson County,Indiana,26900,"Indianapolis-Carmel-Greenwood, IN",Metropolitan Statistical Area,,,294,"Indianapolis-Carmel-Muncie, IN",Central
18083,18,Knox County,Indiana,47180,"Vincennes, IN",Micropolitan Statistical Area,,,,,Central
18085,18,Kosciusko County,Indiana,47700,"Warsaw, IN",Micropolitan Statistical Area,,,515,"South Bend-Elkhart-Mishawaka, IN-MI",Central
18089,18,Lake County,Indiana,16980,"Chicago-Naperville-Elgin, IL-IN",Metropolitan Statistical Area,29414,"Lake County-Porter County-Jasper County, IN",176,"Chicago-Naperville, IL-IN-WI",Central
18091,18,LaPorte County,Indiana,33140,"Michigan City-La Porte, IN",Metropolitan Statistical Area,,,176,"Chicago-Naperville, IL-IN-WI",Central
18093,18,Lawrence County,Indiana,13260,"Bedford, IN",Micropolitan Statistical Area,,,144,"Bloomington-Bedford, IN",Central
18095,18,Madison County,Indiana,26900,"Indianapolis-Carmel-Greenwood, IN",Metropolitan Statistical Area,,,294,"Indianapolis-Carmel-Muncie, IN",Outlying
18097,18,Marion County,Indiana,26900,"Indianapolis-Carmel-Greenwood, IN",Metropolitan Statistical Area,,,294,"Indianapolis-Carmel-Muncie, IN",Central
18099,18,Marshall County,Indiana,38500,"Plymouth, IN",Micropolitan Statistical Area,,,515,"South Bend-Elkhart-Mishawaka, IN-MI",Central
18103,18,Miami County,Indiana,37940,"Peru, IN",Micropolitan Statistical Area,,,294,"Indianapolis-Carmel-Muncie, IN",Central
18105,18,Monroe County,Indiana,14020,"Bloomington, IN",Metropolitan Statistical Area,,,144,"Bloomington-Bedford, IN",Central
18107,18,Montgomery County,Indiana,18820,"Crawfordsville, IN",Micropolitan Statistical Area,,,294,"Indianapolis-Carmel-Muncie, IN",Central
18109,18,Morgan County,Indiana,26900,"Indianapolis-Carmel-Greenwood, IN",Metropolitan Statistical Area,,,294,"Indianapolis-Carmel-Muncie, IN",Central
18111,18,Newton County,Indiana,16980,"Chicago-Naperville-Elgin, IL-IN",Metropolitan Statistical Area,29414,"Lake County-Porter County-Jasper County, IN",176,"Chicago-Naperville, IL-IN-WI",Outlying
18113,18,Noble County,Indiana,28340,"Kendallville, IN",Micropolitan Statistical Area,,,258,"Fort Wayne-Huntington-Auburn, IN",Central
18115,18,Ohio County,Indiana,17140,"Cincinnati, OH-KY-IN",Metropolitan Statistical Area,,,178,"Cincinnati-Wilmington, OH-KY-IN",Outlying
18119,18,Owen County,Indiana,14020,"Bloomington, IN",Metropolitan Statistical Area,,,144,"Bloomington-Bedford, IN",Outlying
18127,18,Porter County,Indiana,16980,"Chicago-Naperville-Elgin, IL-IN",Metropolitan Statistical Area,29414,"Lake County-Porter County-Jasper County, IN",176,"Chicago-Naperville, IL-IN-WI",Central
18129,18,Posey County,Indiana,21780,"Evansville, IN",Metropolitan Statistical Area,,,241,"Evansville-Henderson, IN-KY",Outlying
18133,18,Putnam County,Indiana,24600,"Greencastle, IN",Micropolitan Statistical Area,,,294,"Indianapolis-Carmel-Muncie, IN",Central
18141,18,St. Joseph County,Indiana,43780,"South Bend-Mishawaka, IN-MI",Metropolitan Statistical Area,,,515,"South Bend-Elkhart-Mishawaka, IN-MI",Central
18145,18,Shelby County,Indiana,26900,"Indianapolis-Carmel-Greenwood, IN",Metropolitan Statistical Area,,,294,"Indianapolis-Carmel-Muncie, IN",Outlying
18151,18,Steuben County,Indiana,11420,"Angola, IN",Micropolitan Statistical Area,,,258,"Fort Wayne-Huntington-Auburn, IN",Central
18153,18,Sullivan County,Indiana,45460,"Terre Haute, IN",Metropolitan Statistical Area,,,,,Outlying
18157,18,Tippecanoe County,Indiana,29200,"Lafayette-West Lafayette, IN",Metropolitan Statistical Area,,,320,"Lafayette-West Lafayette-Frankfort, IN",Central
18159,18,Tipton County,Indiana,26900,"Indianapolis-Carmel-Greenwood, IN",Metropolitan Statistical Area,,,294,"Indianapolis-Carmel-Muncie, IN",Outlying
18163,18,Vanderburgh County,Indiana,21780,"Evansville, IN",Metropolitan Statistical Area,,,241,"Evansville-Henderson, IN-KY",Central
18165,18,Vermillion County,Indiana,45460,"Terre Haute, IN",Metropolitan Statistical Area,,,,,Outlying
18167,18,Vigo County,Indiana,45460,"Terre Haute, IN",Metropolitan Statistical Area,,,,,Central
18169,18,Wabash County,Indiana,47340,"Wabash, IN",Micropolitan Statistical Area,,,,,Central
18171,18,Warren County,Indiana,29200,"Lafayette-West Lafayette, IN",Metropolitan Statistical Area,,,320,"Lafayette-West Lafayette-Frankfort, IN",Outlying
18173,18,Warrick County,Indiana,21780,"Evansville, IN",Metropolitan Statistical Area,,,241,"Evansville-Henderson, IN-KY",Central
18175,18,Washington County,Indiana,31140,"Louisville/Jefferson County, KY-IN",Metropolitan Statistical Area,,,350,"Louisville/Jefferson County--Elizabethtown, KY-IN",Outlying
18177,18,Wayne County,Indiana,39980,"Richmond, IN",Micropolitan Statistical Area,,,458,"Richmond-Connersville, IN",Central
18179,18,Wells County,Indiana,23060,"Fort Wayne, IN",Metropolitan Statistical Area,,,258,"Fort Wayne-Huntington-Auburn, IN",Outlying
18181,18,White County,Indiana,33900,"Monticello, IN",Micropolitan Statistical Area,,,320,"Lafayette-West Lafayette-Frankfort, IN",Central
18183,18,Whitley County,Indiana,23060,"Fort Wayne, IN",Metropolitan Statistical Area,,,258,"Fort Wayne-Huntington-Auburn, IN",Outlying
19011,19,Benton County,Iowa,16300,"Cedar Rapids, IA",Metropolitan Statistical Area,,,168,"Cedar Rapids-Iowa City, IA",Outlying
19013,19,Black Hawk County,Iowa,47940,"Waterloo-Cedar Falls, IA",Metropolitan Statistical Area,,,,,Central
19015,19,Boone County,Iowa,11180,"Ames, IA",Metropolitan Statistical Area,,,218,"Des Moines-West Des Moines-Ames, IA",Outlying
19017,19,Bremer County,Iowa,47940,"Waterloo-Cedar Falls, IA",Metropolitan Statistical Area,,,,,Outlying
19021,19,Buena Vista County,Iowa,44740,"Storm Lake, IA",Micropolitan Statistical Area,,,,,Central
19027,19,Carroll County,Iowa,16140,"Carroll, IA",Micropolitan Statistical Area,,,,,Central
19033,19,Cerro Gordo County,Iowa,32380,"Mason City, IA",Micropolitan Statistical Area,,,,,Central
19041,19,Clay County,Iowa,43980,"Spencer, IA",Micropolitan Statistical Area,,,517,"Spencer-Spirit Lake, IA",Central
19045,19,Clinton County,Iowa,17540,"Clinton, IA",Micropolitan Statistical Area,,,209,"Davenport-Moline, IA-IL",Central
19049,19,Dallas County,Iowa,19780,"Des Moines-West Des Moines, IA",Metropolitan Statistical Area,,,218,"Des Moines-West Des Moines-Ames, IA",Central
19057,19,Des Moines County,Iowa,15460,"Burlington, IA-IL",Micropolitan Statistical Area,,,161,"Burlington-Fort Madison, IA-IL",Central
19059,19,Dickinson County,Iowa,44020,"Spirit Lake, IA",Micropolitan Statistical Area,,,517,"Spencer-Spirit Lake, IA",Central
19061,19,Dubuque County,Iowa,20220,"Dubuque, IA",Metropolitan Statistical Area,,,,,Central
19075,19,Grundy County,Iowa,47940,"Waterloo-Cedar Falls, IA",Metropolitan Statistical Area,,,,,Outlying
19077,19,Guthrie County,Iowa,19780,"Des Moines-West Des Moines, IA",Metropolitan Statistical Area,,,218,"Des Moines-West Des Moines-Ames, IA",Outlying
19085,19,Harrison County,Iowa,36540,"Omaha, NE-IA",Metropolitan Statistical Area,,,420,"Omaha-Fremont, NE-IA",Outlying
19099,19,Jasper County,Iowa,19780,"Des Moines-West Des Moines, IA",Metropolitan Statistical Area,,,218,"Des Moines-West Des Moines-Ames, IA",Outlying
19103,19,Johnson County,Iowa,26980,"Iowa City, IA",Metropolitan Statistical Area,,,168,"Cedar Rapids-Iowa City, IA",Central
19105,19,Jones County,Iowa,16300,"Cedar Rapids, IA",Metropolitan Statistical Area,,,168,"Cedar Rapids-Iowa City, IA",Outlying
19111,19,Lee County,Iowa,22800,"Fort Madison, IA",Micropolitan Statistical Area,,,161,"Burlington-Fort Madison, IA-IL",Central
19113,19,Linn County,Iowa,16300,"Cedar Rapids, IA",Metropolitan Statistical Area,,,168,"Cedar Rapids-Iowa City, IA",Central
19121,19,Madison County,Iowa,19780,"Des Moines-West Des Moines, IA",Metropolitan Statistical Area,,,218,"Des Moines-West Des Moines-Ames, IA",Outlying
19123,19,Mahaska County,Iowa,36820,"Oskaloosa, IA",Micropolitan Statistical Area,,,218,"Des Moines-West Des Moines-Ames, IA",Central
19125,19,Marion County,Iowa,37800,"Pella, IA",Micropolitan Statistical Area,,,218,"Des Moines-West Des Moines-Ames, IA",Central
19127,19,Marshall County,Iowa,32260,"Marshalltown, IA",Micropolitan Statistical Area,,,,,Central
19129,19,Mills County,Iowa,36540,"Omaha, NE-IA",Metropolitan Statistical Area,,,420,"Omaha-Fremont, NE-IA",Outlying
19139,19,Muscatine County,Iowa,34700,"Muscatine, IA",Micropolitan Statistical Area,,,209,"Davenport-Moline, IA-IL",Central
19149,19,Plymouth County,Iowa,30180,"Le Mars, IA",Micropolitan Statistical Area,,,512,"Sioux City-Le Mars, IA-NE-SD",Central
19153,19,Polk County,Iowa,19780,"Des Moines-West Des Moines, IA",Metropolitan Statistical Area,,,218,"Des Moines-West Des Moines-Ames, IA",Central
19155,19,Pottawattamie County,Iowa,36540,"Omaha, NE-IA",Metropolitan Statistical Area,,,420,"Omaha-Fremont, NE-IA",Central
19163,19,Scott County,Iowa,19340,"Davenport-Moline-Rock Island, IA-IL",Metropolitan Statistical Area,,,209,"Davenport-Moline, IA-IL",Central
19169,19,Story County,Iowa,11180,"Ames, IA",Metropolitan Statistical Area,,,218,"Des Moines-West Des Moines-Ames, IA",Central
19179,19,Wapello County,Iowa,36900,"Ottumwa, IA",Micropolitan Statistical Area,,,,,Central
19181,19,Warren County,Iowa,19780,"Des Moines-West Des Moines, IA",Metropolitan Statistical Area,,,218,"Des Moines-West Des Moines-Ames, IA",Outlying
19183,19,Washington County,Iowa,26980,"Iowa City, IA",Metropolitan Statistical Area,,,168,"Cedar Rapids-Iowa City, IA",Outlying
19187,19,Webster County,Iowa,22700,"Fort Dodge, IA",Micropolitan Statistical Area,,,,,Central
19193,19,Woodbury County,Iowa,43580,"Sioux City, IA-NE-SD",Metropolitan Statistical Area,,,512,"Sioux City-Le Mars, IA-NE-SD",Central
19195,19,Worth County,Iowa,32380,"Mason City, IA",Micropolitan Statistical Area,,,,,Outlying
20005,20,Atchison County,Kansas,11860,"Atchison, KS",Micropolitan Statistical Area,,,312,"Kansas City-Overland Park-Kansas City, MO-KS",Central
20009,20,Barton County,Kansas,24460,"Great Bend, KS",Micropolitan Statistical Area,,,,,Central
20015,20,Butler County,Kansas,48620,"Wichita, KS",Metropolitan Statistical Area,,,556,"Wichita-Arkansas City-Winfield, KS",Central
20017,20,Chase County,Kansas,21380,"Emporia, KS",Micropolitan Statistical Area,,,,,Outlying
20021,20,Cherokee County,Kansas,27900,"Joplin, MO-KS",Metropolitan Statistical Area,,,309,"Joplin-Miami, MO-OK-KS",Outlying
20035,20,Cowley County,Kansas,11680,"Arkansas City-Winfield, KS",Micropolitan Statistical Area,,,556,"Wichita-Arkansas City-Winfield, KS",Central
20037,20,Crawford County,Kansas,38260,"Pittsburg, KS",Micropolitan Statistical Area,,,,,Central
20043,20,Doniphan County,Kansas,41140,"St. Joseph, MO-KS",Metropolitan Statistical Area,,,312,"Kansas City-Overland Park-Kansas City, MO-KS",Outlying
20045,20,Douglas County,Kansas,29940,"Lawrence, KS",Metropolitan Statistical Area,,,312,"Kansas City-Overland Park-Kansas City, MO-KS",Central
20051,20,Ellis County,Kansas,25700,"Hays, KS",Micropolitan Statistical Area,,,,,Central
20055,20,Finney County,Kansas,23780,"Garden City, KS",Micropolitan Statistical Area,,,,,Central
20057,20,Ford County,Kansas,19980,"Dodge City, KS",Micropolitan Statistical Area,,,,,Central
20059,20,Franklin County,Kansas,36840,"Ottawa, KS",Micropolitan Statistical Area,,,312,"Kansas City-Overland Park-Kansas City, MO-KS",Central
20061,20,Geary County,Kansas,31740,"Manhattan, KS",Metropolitan Statistical Area,,,,,Outlying
20079,20,Harvey County,Kansas,48620,"Wichita, KS",Metropolitan Statistical Area,,,556,"Wichita-Arkansas City-Winfield, KS",Outlying
20085,20,Jackson County,Kansas,45820,"Topeka, KS",Metropolitan Statistical Area,,,,,Outlying
20087,20,Jefferson County,Kansas,45820,"Topeka, KS",Metropolitan Statistical Area,,,,,Outlying
20091,20,Johnson County,Kansas,28140,"Kansas City, MO-KS",Metropolitan Statistical Area,,,312,"Kansas City-Overland Park-Kansas City, MO-KS",Central
20103,20,Leavenworth County,Kansas,28140,"Kansas City, MO-KS",Metropolitan Statistical Area,,,312,"Kansas City-Overland Park-Kansas City, MO-KS",Outlying
20107,20,Linn County,Kansas,28140,"Kansas City, MO-KS",Metropolitan Statistical Area,,,312,"Kansas City-Overland Park-Kansas City, MO-KS",Outlying
20111,20,Lyon County,Kansas,21380,"Emporia, KS",Micropolitan Statistical Area,,,,,Central
20113,20,McPherson County,Kansas,32700,"McPherson, KS",Micropolitan Statistical Area,,,,,Central
20121,20,Miami County,Kansas,28140,"Kansas City, MO-KS",Metropolitan Statistical Area,,,312,"Kansas City-Overland Park-Kansas City, MO-KS",Outlying
20139,20,Osage County,Kansas,45820,"Topeka, KS",Metropolitan Statistical Area,,,,,Outlying
20143,20,Ottawa County,Kansas,41460,"Salina, KS",Micropolitan Statistical Area,,,,,Outlying
20149,20,Pottawatomie County,Kansas,31740,"Manhattan, KS",Metropolitan Statistical Area,,,,,Outlying
20155,20,Reno County,Kansas,26740,"Hutchinson, KS",Micropolitan Statistical Area,,,,,Central
20161,20,Riley County,Kansas,31740,"Manhattan, KS",Metropolitan Statistical Area,,,,,Central
20169,20,Saline County,Kansas,41460,"Salina, KS",Micropolitan Statistical Area,,,,,Central
20173,20,Sedgwick County,Kansas,48620,"Wichita, KS",Metropolitan Statistical Area,,,556,"Wichita-Arkansas City-Winfield, KS",Central
20175,20,Seward County,Kansas,30580,"Liberal, KS",Micropolitan Statistical Area,,,,,Central
20177,20,Shawnee County,Kansas,45820,"Topeka, KS",Metropolitan Statistical Area,,,,,Central
20191,20,Sumner County,Kansas,48620,"Wichita, KS",Metropolitan Statistical Area,,,556,"Wichita-Arkansas City-Winfield, KS",Outlying
20197,20,Wabaunsee County,Kansas,45820,"Topeka, KS",Metropolitan Statistical Area,,,,,Outlying
20209,20,Wyandotte County,Kansas,28140,"Kansas City, MO-KS",Metropolitan Statistical Area,,,312,"Kansas City-Overland Park-Kansas City, MO-KS",Central
21003,21,Allen County,Kentucky,14540,"Bowling Green, KY",Metropolitan Statistical Area,,,150,"Bowling Green-Glasgow-Franklin, KY",Outlying
21005,21,Anderson County,Kentucky,23180,"Frankfort, KY",Micropolitan Statistical Area,,,336,"Lexington-Fayette--Richmond--Frankfort, KY",Outlying
21007,21,Ballard County,Kentucky,37140,"Paducah, KY-IL",Metropolitan Statistical Area,,,424,"Paducah-Mayfield, KY-IL",Outlying
21009,21,Barren County,Kentucky,23980,"Glasgow, KY",Micropolitan Statistical Area,,,150,"Bowling Green-Glasgow-Franklin, KY",Central
21011,21,Bath County,Kentucky,34460,"Mount Sterling, KY",Micropolitan Statistical Area,,,336,"Lexington-Fayette--Richmond--Frankfort, KY",Outlying
21013,21,Bell County,Kentucky,33180,"Middlesborough, KY",Micropolitan Statistical Area,,,371,"Middlesborough-Corbin, KY",Central
21015,21,Boone County,Kentucky,17140,"Cincinnati, OH-KY-IN",Metropolitan Statistical Area,,,178,"Cincinnati-Wilmington, OH-KY-IN",Central
21017,21,Bourbon County,Kentucky,30460,"Lexington-Fayette, KY",Metropolitan Statistical Area,,,336,"Lexington-Fayette--Richmond--Frankfort, KY",Outlying
21019,21,Boyd County,Kentucky,26580,"Huntington-Ashland, WV-KY-OH",Metropolitan Statistical Area,,,170,"Charleston-Huntington-Ashland, WV-OH-KY",Central
21021,21,Boyle County,Kentucky,19220,"Danville, KY",Micropolitan Statistical Area,,,,,Central
21023,21,Bracken County,Kentucky,17140,"Cincinnati, OH-KY-IN",Metropolitan Statistical Area,,,178,"Cincinnati-Wilmington, OH-KY-IN",Outlying
21029,21,Bullitt County,Kentucky,31140,"Louisville/Jefferson County, KY-IN",Metropolitan Statistical Area,,,350,"Louisville/Jefferson County--Elizabethtown, KY-IN",Central
21031,21,Butler County,Kentucky,14540,"Bowling Green, KY",Metropolitan Statistical Area,,,150,"Bowling Green-Glasgow-Franklin, KY",Outlying
21035,21,Calloway County,Kentucky,34660,"Murray, KY",Micropolitan Statistical Area,,,,,Central
21037,21,Campbell County,Kentucky,17140,"Cincinnati, OH-KY-IN",Metropolitan Statistical Area,,,178,"Cincinnati-Wilmington, OH-KY-IN",Central
21039,21,Carlisle County,Kentucky,37140,"Paducah, KY-IL",Metropolitan Statistical Area,,,424,"Paducah-Mayfield, KY-IL",Outlying
21043,21,Carter County,Kentucky,26580,"Huntington-Ashland, WV-KY-OH",Metropolitan Statistical Area,,,170,"Charleston-Huntington-Ashland, WV-OH-KY",Outlying
21047,21,Christian County,Kentucky,17300,"Clarksville, TN-KY",Metropolitan Statistical Area,,,,,Outlying
21049,21,Clark County,Kentucky,30460,"Lexington-Fayette, KY",Metropolitan Statistical Area,,,336,"Lexington-Fayette--Richmond--Frankfort, KY",Outlying
21051,21,Clay County,Kentucky,18340,"Corbin, KY",Micropolitan Statistical Area,,,371,"Middlesborough-Corbin, KY",Outlying
21059,21,Daviess County,Kentucky,36980,"Owensboro, KY",Metropolitan Statistical Area,,,,,Central
21061,21,Edmonson County,Kentucky,14540,"Bowling Green, KY",Metropolitan Statistical Area,,,150,"Bowling Green-Glasgow-Franklin, KY",Outlying
21065,21,Estill County,Kentucky,40080,"Richmond-Berea, KY",Micropolitan Statistical Area,,,336,"Lexington-Fayette--Richmond--Frankfort, KY",Outlying
21067,21,Fayette County,Kentucky,30460,"Lexington-Fayette, KY",Metropolitan Statistical Area,,,336,"Lexington-Fayette--Richmond--Frankfort, KY",Central
21071,21,Floyd County,Kentucky,38210,"Pikeville, KY",Micropolitan Statistical Area,,,,,Outlying
21073,21,Franklin County,Kentucky,23180,"Frankfort, KY",Micropolitan Statistical Area,,,336,"Lexington-Fayette--Richmond--Frankfort, KY",Central
21077,21,Gallatin County,Kentucky,17140,"Cincinnati, OH-KY-IN",Metropolitan Statistical Area,,,178,"Cincinnati-Wilmington, OH-KY-IN",Outlying
21081,21,Grant County,Kentucky,17140,"Cincinnati, OH-KY-IN",Metropolitan Statistical Area,,,178,"Cincinnati-Wilmington, OH-KY-IN",Outlying
21083,21,Graves County,Kentucky,32460,"Mayfield, KY",Micropolitan Statistical Area,,,424,"Paducah-Mayfield, KY-IL",Central
21087,21,Green County,Kentucky,15820,"Campbellsville, KY",Micropolitan Statistical Area,,,,,Outlying
21089,21,Greenup County,Kentucky,26580,"Huntington-Ashland, WV-KY-OH",Metropolitan Statistical Area,,,170,"Charleston-Huntington-Ashland, WV-OH-KY",Central
21093,21,Hardin County,Kentucky,21060,"Elizabethtown, KY",Metropolitan Statistical Area,,,350,"Louisville/Jefferson County--Elizabethtown, KY-IN",Central
21101,21,Henderson County,Kentucky,25775,"Henderson, KY",Micropolitan Statistical Area,,,241,"Evansville-Henderson, IN-KY",Central
21103,21,Henry County,Kentucky,31140,"Louisville/Jefferson County, KY-IN",Metropolitan Statistical Area,,,350,"Louisville/Jefferson County--Elizabethtown, KY-IN",Outlying
21107,21,Hopkins County,Kentucky,31580,"Madisonville, KY",Micropolitan Statistical Area,,,,,Central
21111,21,Jefferson County,Kentucky,31140,"Louisville/Jefferson County, KY-IN",Metropolitan Statistical Area,,,350,"Louisville/Jefferson County--Elizabethtown, KY-IN",Central
21113,21,Jessamine County,Kentucky,30460,"Lexington-Fayette, KY",Metropolitan Statistical Area,,,336,"Lexington-Fayette--Richmond--Frankfort, KY",Outlying
21117,21,Kenton County,Kentucky,17140,"Cincinnati, OH-KY-IN",Metropolitan Statistical Area,,,178,"Cincinnati-Wilmington, OH-KY-IN",Central
21121,21,Knox County,Kentucky,18340,"Corbin, KY",Micropolitan Statistical Area,,,371,"Middlesborough-Corbin, KY",Central
21123,21,Larue County,Kentucky,21060,"Elizabethtown, KY",Metropolitan Statistical Area,,,350,"Louisville/Jefferson County--Elizabethtown, KY-IN",Outlying
21125,21,Laurel County,Kentucky,18340,"Corbin, KY",Micropolitan Statistical Area,,,371,"Middlesborough-Corbin, KY",Central
21127,21,Lawrence County,Kentucky,26580,"Huntington-Ashland, WV-KY-OH",Metropolitan Statistical Area,,,170,"Charleston-Huntington-Ashland, WV-OH-KY",Outlying
21137,21,Lincoln County,Kentucky,19220,"Danville, KY",Micropolitan Statistical Area,,,,,Outlying
21139,21,Livingston County,Kentucky,37140,"Paducah, KY-IL",Metropolitan Statistical Area,,,424,"Paducah-Mayfield, KY-IL",Outlying
21145,21,McCracken County,Kentucky,37140,"Paducah, KY-IL",Metropolitan Statistical Area,,,424,"Paducah-Mayfield, KY-IL",Central
21149,21,McLean County,Kentucky,36980,"Owensboro, KY",Metropolitan Statistical Area,,,,,Outlying
21151,21,Madison County,Kentucky,40080,"Richmond-Berea, KY",Micropolitan Statistical Area,,,336,"Lexington-Fayette--Richmond--Frankfort, KY",Central
21163,21,Meade County,Kentucky,31140,"Louisville/Jefferson County, KY-IN",Metropolitan Statistical Area,,,350,"Louisville/Jefferson County--Elizabethtown, KY-IN",Outlying
21165,21,Menifee County,Kentucky,34460,"Mount Sterling, KY",Micropolitan Statistical Area,,,336,"Lexington-Fayette--Richmond--Frankfort, KY",Outlying
21169,21,Metcalfe County,Kentucky,23980,"Glasgow, KY",Micropolitan Statistical Area,,,150,"Bowling Green-Glasgow-Franklin, KY",Outlying
21173,21,Montgomery County,Kentucky,34460,"Mount Sterling, KY",Micropolitan Statistical Area,,,336,"Lexington-Fayette--Richmond--Frankfort, KY",Central
21179,21,Nelson County,Kentucky,31140,"Louisville/Jefferson County, KY-IN",Metropolitan Statistical Area,,,350,"Louisville/Jefferson County--Elizabethtown, KY-IN",Outlying
21185,21,Oldham County,Kentucky,31140,"Louisville/Jefferson County, KY-IN",Metropolitan Statistical Area,,,350,"Louisville/Jefferson County--Elizabethtown, KY-IN",Central
21191,21,Pendleton County,Kentucky,17140,"Cincinnati, OH-KY-IN",Metropolitan Statistical Area,,,178,"Cincinnati-Wilmington, OH-KY-IN",Outlying
21195,21,Pike County,Kentucky,38210,"Pikeville, KY",Micropolitan Statistical Area,,,,,Central
21199,21,Pulaski County,Kentucky,43700,"Somerset, KY",Micropolitan Statistical Area,,,,,Central
21203,21,Rockcastle County,Kentucky,40080,"Richmond-Berea, KY",Micropolitan Statistical Area,,,336,"Lexington-Fayette--Richmond--Frankfort, KY",Outlying
21209,21,Scott County,Kentucky,30460,"Lexington-Fayette, KY",Metropolitan Statistical Area,,,336,"Lexington-Fayette--Richmond--Frankfort, KY",Outlying
21211,21,Shelby County,Kentucky,31140,"Louisville/Jefferson County, KY-IN",Metropolitan Statistical Area,,,350,"Louisville/Jefferson County--Elizabethtown, KY-IN",Outlying
21213,21,Simpson County,Kentucky,23190,"Franklin, KY",Micropolitan Statistical Area,,,150,"Bowling Green-Glasgow-Franklin, KY",Central
21215,21,Spencer County,Kentucky,31140,"Louisville/Jefferson County, KY-IN",Metropolitan Statistical Area,,,350,"Louisville/Jefferson County--Elizabethtown, KY-IN",Outlying
21217,21,Taylor County,Kentucky,15820,"Campbellsville, KY",Micropolitan Statistical Area,,,,,Central
21221,21,Trigg County,Kentucky,17300,"Clarksville, TN-KY",Metropolitan Statistical Area,,,,,Outlying
21227,21,Warren County,Kentucky,14540,"Bowling Green, KY",Metropolitan Statistical Area,,,150,"Bowling Green-Glasgow-Franklin, KY",Central
21233,21,Webster County,Kentucky,25775,"Henderson, KY",Micropolitan Statistical Area,,,241,"Evansville-Henderson, IN-KY",Outlying
21235,21,Whitley County,Kentucky,18340,"Corbin, KY",Micropolitan Statistical Area,,,371,"Middlesborough-Corbin, KY",Central
21239,21,Woodford County,Kentucky,30460,"Lexington-Fayette, KY",Metropolitan Statistical Area,,,336,"Lexington-Fayette--Richmond--Frankfort, KY",Outlying
22001,22,Acadia Parish,Louisiana,29180,"Lafayette, LA",Metropolitan Statistical Area,,,318,"Lafayette-New Iberia-Opelousas, LA",Outlying
22005,22,Ascension Parish,Louisiana,12940,"Baton Rouge, LA",Metropolitan Statistical Area,,,132,"Baton Rouge-Hammond, LA",Central
22007,22,Assumption Parish,Louisiana,12940,"Baton Rouge, LA",Metropolitan Statistical Area,,,132,"Baton Rouge-Hammond, LA",Outlying
22011,22,Beauregard Parish,Louisiana,19760,"DeRidder, LA",Micropolitan Statistical Area,,,324,"Lake Charles-DeRidder, LA",Central
22015,22,Bossier Parish,Louisiana,43340,"Shreveport-Bossier City, LA",Metropolitan Statistical Area,,,508,"Shreveport-Bossier City-Minden, LA",Central
22017,22,Caddo Parish,Louisiana,43340,"Shreveport-Bossier City, LA",Metropolitan Statistical Area,,,508,"Shreveport-Bossier City-Minden, LA",Central
22019,22,Calcasieu Parish,Louisiana,29340,"Lake Charles, LA",Metropolitan Statistical Area,,,324,"Lake Charles-DeRidder, LA",Central
22023,22,Cameron Parish,Louisiana,29340,"Lake Charles, LA",Metropolitan Statistical Area,,,324,"Lake Charles-DeRidder, LA",Outlying
22029,22,Concordia Parish,Louisiana,35020,"Natchez, MS-LA",Micropolitan Statistical Area,,,,,Central
22031,22,De Soto Parish,Louisiana,43340,"Shreveport-Bossier City, LA",Metropolitan Statistical Area,,,508,"Shreveport-Bossier City-Minden, LA",Outlying
22033,22,East Baton Rouge Parish,Louisiana,12940,"Baton Rouge, LA",Metropolitan Statistical Area,,,132,"Baton Rouge-Hammond, LA",Central
22037,22,East Feliciana Parish,Louisiana,12940,"Baton Rouge, LA",Metropolitan Statistical Area,,,132,"Baton Rouge-Hammond, LA",Outlying
22043,22,Grant Parish,Louisiana,10780,"Alexandria, LA",Metropolitan Statistical Area,,,,,Outlying
22045,22,Iberia Parish,Louisiana,35340,"New Iberia, LA",Micropolitan Statistical Area,,,318,"Lafayette-New Iberia-Opelousas, LA",Central
22047,22,Iberville Parish,Louisiana,12940,"Baton Rouge, LA",Metropolitan Statistical Area,,,132,"Baton Rouge-Hammond, LA",Central
22051,22,Jefferson Parish,Louisiana,35380,"New Orleans-Metairie, LA",Metropolitan Statistical Area,,,406,"New Orleans-Metairie-Slidell, LA-MS",Central
22053,22,Jefferson Davis Parish,Louisiana,29340,"Lake Charles, LA",Metropolitan Statistical Area,,,324,"Lake Charles-DeRidder, LA",Outlying
22055,22,Lafayette Parish,Louisiana,29180,"Lafayette, LA",Metropolitan Statistical Area,,,318,"Lafayette-New Iberia-Opelousas, LA",Central
22057,22,Lafourche Parish,Louisiana,26380,"Houma-Bayou Cane-Thibodaux, LA",Metropolitan Statistical Area,,,,,Central
22061,22,Lincoln Parish,Louisiana,40820,"Ruston, LA",Micropolitan Statistical Area,,,384,"Monroe-Ruston, LA",Central
22063,22,Livingston Parish,Louisiana,12940,"Baton Rouge, LA",Metropolitan Statistical Area,,,132,"Baton Rouge-Hammond, LA",Central
22067,22,Morehouse Parish,Louisiana,33740,"Monroe, LA",Metropolitan Statistical Area,,,384,"Monroe-Ruston, LA",Outlying
22069,22,Natchitoches Parish,Louisiana,35060,"Natchitoches, LA",Micropolitan Statistical Area,,,,,Central
22071,22,Orleans Parish,Louisiana,35380,"New Orleans-Metairie, LA",Metropolitan Statistical Area,,,406,"New Orleans-Metairie-Slidell, LA-MS",Central
22073,22,Ouachita Parish,Louisiana,33740,"Monroe, LA",Metropolitan Statistical Area,,,384,"Monroe-Ruston, LA",Central
22075,22,Plaquemines Parish,Louisiana,35380,"New Orleans-Metairie, LA",Metropolitan Statistical Area,,,406,"New Orleans-Metairie-Slidell, LA-MS",Central
22077,22,Pointe Coupee Parish,Louisiana,12940,"Baton Rouge, LA",Metropolitan Statistical Area,,,132,"Baton Rouge-Hammond, LA",Outlying
22079,22,Rapides Parish,Louisiana,10780,"Alexandria, LA",Metropolitan Statistical Area,,,,,Central
22083,22,Richland Parish,Louisiana,33740,"Monroe, LA",Metropolitan Statistical Area,,,384,"Monroe-Ruston, LA",Outlying
22087,22,St. Bernard Parish,Louisiana,35380,"New Orleans-Metairie, LA",Metropolitan Statistical Area,,,406,"New Orleans-Metairie-Slidell, LA-MS",Central
22089,22,St. Charles Parish,Louisiana,35380,"New Orleans-Metairie, LA",Metropolitan Statistical Area,,,406,"New Orleans-Metairie-Slidell, LA-MS",Central
22091,22,St. Helena Parish,Louisiana,12940,"Baton Rouge, LA",Metropolitan Statistical Area,,,132,"Baton Rouge-Hammond, LA",Outlying
22093,22,St. James Parish,Louisiana,35380,"New Orleans-Metairie, LA",Metropolitan Statistical Area,,,406,"New Orleans-Metairie-Slidell, LA-MS",Central
22095,22,St. John the Baptist Parish,Louisiana,35380,"New Orleans-Metairie, LA",Metropolitan Statistical Area,,,406,"New Orleans-Metairie-Slidell, LA-MS",Central
22097,22,St. Landry Parish,Louisiana,36660,"Opelousas, LA",Micropolitan Statistical Area,,,318,"Lafayette-New Iberia-Opelousas, LA",Central
22099,22,St. Martin Parish,Louisiana,29180,"Lafayette, LA",Metropolitan Statistical Area,,,318,"Lafayette-New Iberia-Opelousas, LA",Outlying
22101,22,St. Mary Parish,Louisiana,34020,"Morgan City, LA",Micropolitan Statistical Area,,,,,Central
22103,22,St. Tammany Parish,Louisiana,43640,"Slidell-Mandeville-Covington, LA",Metropolitan Statistical Area,,,406,"New Orleans-Metairie-Slidell, LA-MS",Central
22105,22,Tangipahoa Parish,Louisiana,25220,"Hammond, LA",Metropolitan Statistical Area,,,132,"Baton Rouge-Hammond, LA",Central
22109,22,Terrebonne Parish,Louisiana,26380,"Houma-Bayou Cane-Thibodaux, LA",Metropolitan Statistical Area,,,,,Central
22111,22,Union Parish,Louisiana,33740,"Monroe, LA",Metropolitan Statistical Area,,,384,"Monroe-Ruston, LA",Outlying
22113,22,Vermilion Parish,Louisiana,29180,"Lafayette, LA",Metropolitan Statistical Area,,,318,"Lafayette-New Iberia-Opelousas, LA",Outlying
22117,22,Washington Parish,Louisiana,14220,"Bogalusa, LA",Micropolitan Statistical Area,,,406,"New Orleans-Metairie-Slidell, LA-MS",Central
22119,22,Webster Parish,Louisiana,33380,"Minden, LA",Micropolitan Statistical Area,,,508,"Shreveport-Bossier City-Minden, LA",Central
22121,22,West Baton Rouge Parish,Louisiana,12940,"Baton Rouge, LA",Metropolitan Statistical Area,,,132,"Baton Rouge-Hammond, LA",Central
22125,22,West Feliciana Parish,Louisiana,12940,"Baton Rouge, LA",Metropolitan Statistical Area,,,132,"Baton Rouge-Hammond, LA",Outlying
23001,23,Androscoggin County,Maine,30340,"Lewiston-Auburn, ME",Metropolitan Statistical Area,,,438,"Portland-Lewiston-South Portland, ME",Central
23005,23,Cumberland County,Maine,38860,"Portland-South Portland, ME",Metropolitan Statistical Area,,,438,"Portland-Lewiston-South Portland, ME",Central
23011,23,Kennebec County,Maine,12300,"Augusta-Waterville, ME",Micropolitan Statistical Area,,,,,Central
23019,23,Penobscot County,Maine,12620,"Bangor, ME",Metropolitan Statistical Area,,,,,Central
23023,23,Sagadahoc County,Maine,38860,"Portland-South Portland, ME",Metropolitan Statistical Area,,,438,"Portland-Lewiston-South Portland, ME",Outlying
23031,23,York County,Maine,38860,"Portland-South Portland, ME",Metropolitan Statistical Area,,,438,"Portland-Lewiston-South Portland, ME",Central
24001,24,Allegany County,Maryland,19060,"Cumberland, MD-WV",Micropolitan Statistical Area,,,,,Central
24003,24,Anne Arundel County,Maryland,12580,"Baltimore-Columbia-Towson, MD",Metropolitan Statistical Area,,,548,"Washington-Baltimore-Arlington, DC-MD-VA-WV-PA",Central
24005,24,Baltimore County,Maryland,12580,"Baltimore-Columbia-Towson, MD",Metropolitan Statistical Area,,,548,"Washington-Baltimore-Arlington, DC-MD-VA-WV-PA",Central
24009,24,Calvert County,Maryland,30500,"Lexington Park, MD",Metropolitan Statistical Area,,,548,"Washington-Baltimore-Arlington, DC-MD-VA-WV-PA",Central
24013,24,Carroll County,Maryland,12580,"Baltimore-Columbia-Towson, MD",Metropolitan Statistical Area,,,548,"Washington-Baltimore-Arlington, DC-MD-VA-WV-PA",Outlying
24015,24,Cecil County,Maryland,37980,"Philadelphia-Camden-Wilmington, PA-NJ-DE-MD",Metropolitan Statistical Area,48864,"Wilmington, DE-MD-NJ",428,"Philadelphia-Reading-Camden, PA-NJ-DE-MD",Central
24017,24,Charles County,Maryland,47900,"Washington-Arlington-Alexandria, DC-VA-MD-WV",Metropolitan Statistical Area,47764,"Washington, DC-MD",548,"Washington-Baltimore-Arlington, DC-MD-VA-WV-PA",Outlying
24019,24,Dorchester County,Maryland,15700,"Cambridge, MD",Micropolitan Statistical Area,,,548,"Washington-Baltimore-Arlington, DC-MD-VA-WV-PA",Central
24021,24,Frederick County,Maryland,47900,"Washington-Arlington-Alexandria, DC-VA-MD-WV",Metropolitan Statistical Area,23224,"Frederick-Gaithersburg-Bethesda, MD",548,"Washington-Baltimore-Arlington, DC-MD-VA-WV-PA",Outlying
24025,24,Harford County,Maryland,12580,"Baltimore-Columbia-Towson, MD",Metropolitan Statistical Area,,,548,"Washington-Baltimore-Arlington, DC-MD-VA-WV-PA",Outlying
24027,24,Howard County,Maryland,12580,"Baltimore-Columbia-Towson, MD",Metropolitan Statistical Area,,,548,"Washington-Baltimore-Arlington, DC-MD-VA-WV-PA",Central
24031,24,Montgomery County,Maryland,47900,"Washington-Arlington-Alexandria, DC-VA-MD-WV",Metropolitan Statistical Area,23224,"Frederick-Gaithersburg-Bethesda, MD",548,"Washington-Baltimore-Arlington, DC-MD-VA-WV-PA",Central
24033,24,Prince George's County,Maryland,47900,"Washington-Arlington-Alexandria, DC-VA-MD-WV",Metropolitan Statistical Area,47764,"Washington, DC-MD",548,"Washington-Baltimore-Arlington, DC-MD-VA-WV-PA",Central
24035,24,Queen Anne's County,Maryland,12580,"Baltimore-Columbia-Towson, MD",Metropolitan Statistical Area,,,548,"Washington-Baltimore-Arlington, DC-MD-VA-WV-PA",Outlying
24037,24,St. Mary's County,Maryland,30500,"Lexington Park, MD",Metropolitan Statistical Area,,,548,"Washington-Baltimore-Arlington, DC-MD-VA-WV-PA",Central
24039,24,Somerset County,Maryland,41540,"Salisbury, MD",Metropolitan Statistical Area,,,480,"Salisbury-Ocean Pines, MD",Outlying
24041,24,Talbot County,Maryland,20660,"Easton, MD",Micropolitan Statistical Area,,,548,"Washington-Baltimore-Arlington, DC-MD-VA-WV-PA",Central
24043,24,Washington County,Maryland,25180,"Hagerstown-Martinsburg, MD-WV",Metropolitan Statistical Area,,,548,"Washington-Baltimore-Arlington, DC-MD-VA-WV-PA",Central
24045,24,Wicomico County,Maryland,41540,"Salisbury, MD",Metropolitan Statistical Area,,,480,"Salisbury-Ocean Pines, MD",Central
24047,24,Worcester County,Maryland,36180,"Ocean Pines, MD",Micropolitan Statistical Area,,,480,"Salisbury-Ocean Pines, MD",Central
24510,24,Baltimore city,Maryland,12580,"Baltimore-Columbia-Towson, MD",Metropolitan Statistical Area,,,548,"Washington-Baltimore-Arlington, DC-MD-VA-WV-PA",Central
25001,25,Barnstable County,Massachusetts,12700,"Barnstable Town, MA",Metropolitan Statistical Area,,,148,"Boston-Worcester-Providence, MA-RI-NH",Central
25003,25,Berkshire County,Massachusetts,38340,"Pittsfield, MA",Metropolitan Statistical Area,,,,,Central
25005,25,Bristol County,Massachusetts,39300,"Providence-Warwick, RI-MA",Metropolitan Statistical Area,,,148,"Boston-Worcester-Providence, MA-RI-NH",Central
25007,25,Dukes County,Massachusetts,47240,"Vineyard Haven, MA",Micropolitan Statistical Area,,,,,Central
25009,25,Essex County,Massachusetts,14460,"Boston-Cambridge-Newton, MA-NH",Metropolitan Statistical Area,15764,"Cambridge-Newton-Framingham, MA",148,"Boston-Worcester-Providence, MA-RI-NH",Central
25011,25,Franklin County,Massachusetts,24640,"Greenfield, MA",Micropolitan Statistical Area,,,521,"Springfield-Amherst Town-Northampton, MA",Central
25013,25,Hampden County,Massachusetts,44140,"Springfield, MA",Metropolitan Statistical Area,,,521,"Springfield-Amherst Town-Northampton, MA",Central
25015,25,Hampshire County,Massachusetts,11200,"Amherst Town-Northampton, MA",Metropolitan Statistical Area,,,521,"Springfield-Amherst Town-Northampton, MA",Central
25017,25,Middlesex County,Massachusetts,14460,"Boston-Cambridge-Newton, MA-NH",Metropolitan Statistical Area,15764,"Cambridge-Newton-Framingham, MA",148,"Boston-Worcester-Providence, MA-RI-NH",Central
25019,25,Nantucket County,Massachusetts,34880,"Nantucket, MA",Micropolitan Statistical Area,,,,,Central
25021,25,Norfolk County,Massachusetts,14460,"Boston-Cambridge-Newton, MA-NH",Metropolitan Statistical Area,14454,"Boston, MA",148,"Boston-Worcester-Providence, MA-RI-NH",Central
25023,25,Plymouth County,Massachusetts,14460,"Boston-Cambridge-Newton, MA-NH",Metropolitan Statistical Area,14454,"Boston, MA",148,"Boston-Worcester-Providence, MA-RI-NH",Central
25025,25,Suffolk County,Massachusetts,14460,"Boston-Cambridge-Newton, MA-NH",Metropolitan Statistical Area,14454,"Boston, MA",148,"Boston-Worcester-Providence, MA-RI-NH",Central
25027,25,Worcester County,Massachusetts,49340,"Worcester, MA",Metropolitan Statistical Area,,,148,"Boston-Worcester-Providence, MA-RI-NH",Central
26005,26,Allegan County,Michigan,26090,"Holland, MI",Micropolitan Statistical Area,,,266,"Grand Rapids-Wyoming, MI",Central
26007,26,Alpena County,Michigan,10980,"Alpena, MI",Micropolitan Statistical Area,,,,,Central
26015,26,Barry County,Michigan,24340,"Grand Rapids-Wyoming-Kentwood, MI",Metropolitan Statistical Area,,,266,"Grand Rapids-Wyoming, MI",Outlying
26017,26,Bay County,Michigan,13020,"Bay City, MI",Metropolitan Statistical Area,,,474,"Saginaw-Midland-Bay City, MI",Central
26019,26,Benzie County,Michigan,45900,"Traverse City, MI",Metropolitan Statistical Area,,,,,Outlying
26021,26,Berrien County,Michigan,35660,"Niles, MI",Metropolitan Statistical Area,,,515,"South Bend-Elkhart-Mishawaka, IN-MI",Central
26023,26,Branch County,Michigan,17740,"Coldwater, MI",Micropolitan Statistical Area,,,,,Central
26025,26,Calhoun County,Michigan,12980,"Battle Creek, MI",Metropolitan Statistical Area,,,310,"Kalamazoo-Battle Creek-Portage, MI",Central
26027,26,Cass County,Michigan,43780,"South Bend-Mishawaka, IN-MI",Metropolitan Statistical Area,,,515,"South Bend-Elkhart-Mishawaka, IN-MI",Central
26033,26,Chippewa County,Michigan,42300,"Sault Ste. Marie, MI",Micropolitan Statistical Area,,,,,Central
26037,26,Clinton County,Michigan,29620,"Lansing-East Lansing, MI",Metropolitan Statistical Area,,,330,"Lansing-East Lansing-Owosso, MI",Central
26041,26,Delta County,Michigan,21540,"Escanaba, MI",Micropolitan Statistical Area,,,,,Central
26043,26,Dickinson County,Michigan,27020,"Iron Mountain, MI-WI",Micropolitan Statistical Area,,,361,"Marinette-Iron Mountain, WI-MI",Central
26045,26,Eaton County,Michigan,29620,"Lansing-East Lansing, MI",Metropolitan Statistical Area,,,330,"Lansing-East Lansing-Owosso, MI",Central
26047,26,Emmet County,Michigan,37950,"Petoskey, MI",Micropolitan Statistical Area,,,,,Central
26049,26,Genesee County,Michigan,22420,"Flint, MI",Metropolitan Statistical Area,,,220,"Detroit-Warren-Ann Arbor, MI",Central
26055,26,Grand Traverse County,Michigan,45900,"Traverse City, MI",Metropolitan Statistical Area,,,,,Central
26057,26,Gratiot County,Michigan,10940,"Alma, MI",Micropolitan Statistical Area,,,394,"Mount Pleasant-Alma, MI",Central
26059,26,Hillsdale County,Michigan,25880,"Hillsdale, MI",Micropolitan Statistical Area,,,,,Central
26061,26,Houghton County,Michigan,26340,"Houghton, MI",Micropolitan Statistical Area,,,,,Central
26065,26,Ingham County,Michigan,29620,"Lansing-East Lansing, MI",Metropolitan Statistical Area,,,330,"Lansing-East Lansing-Owosso, MI",Central
26067,26,Ionia County,Michigan,24340,"Grand Rapids-Wyoming-Kentwood, MI",Metropolitan Statistical Area,,,266,"Grand Rapids-Wyoming, MI",Outlying
26073,26,Isabella County,Michigan,34380,"Mount Pleasant, MI",Micropolitan Statistical Area,,,394,"Mount Pleasant-Alma, MI",Central
26075,26,Jackson County,Michigan,27100,"Jackson, MI",Metropolitan Statistical Area,,,,,Central
26077,26,Kalamazoo County,Michigan,28020,"Kalamazoo-Portage, MI",Metropolitan Statistical Area,,,310,"Kalamazoo-Battle Creek-Portage, MI",Central
26079,26,Kalkaska County,Michigan,45900,"Traverse City, MI",Metropolitan Statistical Area,,,,,Outlying
26081,26,Kent County,Michigan,24340,"Grand Rapids-Wyoming-Kentwood, MI",Metropolitan Statistical Area,,,266,"Grand Rapids-Wyoming, MI",Central
26083,26,Keweenaw County,Michigan,26340,"Houghton, MI",Micropolitan Statistical Area,,,,,Outlying
26087,26,Lapeer County,Michigan,19820,"Detroit-Warren-Dearborn, MI",Metropolitan Statistical Area,47664,"Warren-Troy-Farmington Hills, MI",220,"Detroit-Warren-Ann Arbor, MI",Outlying
26089,26,Leelanau County,Michigan,45900,"Traverse City, MI",Metropolitan Statistical Area,,,,,Outlying
26091,26,Lenawee County,Michigan,10300,"Adrian, MI",Micropolitan Statistical Area,,,220,"Detroit-Warren-Ann Arbor, MI",Central
26093,26,Livingston County,Michigan,19820,"Detroit-Warren-Dearborn, MI",Metropolitan Statistical Area,47664,"Warren-Troy-Farmington Hills, MI",220,"Detroit-Warren-Ann Arbor, MI",Outlying
26099,26,Macomb County,Michigan,19820,"Detroit-Warren-Dearborn, MI",Metropolitan Statistical Area,47664,"Warren-Troy-Farmington Hills, MI",220,"Detroit-Warren-Ann Arbor, MI",Central
26103,26,Marquette County,Michigan,32100,"Marquette, MI",Micropolitan Statistical Area,,,,,Central
26105,26,Mason County,Michigan,31220,"Ludington, MI",Micropolitan Statistical Area,,,,,Central
26107,26,Mecosta County,Michigan,13660,"Big Rapids, MI",Micropolitan Statistical Area,,,266,"Grand Rapids-Wyoming, MI",Central
26109,26,Menominee County,Michigan,31940,"Marinette, WI-MI",Micropolitan Statistical Area,,,361,"Marinette-Iron Mountain, WI-MI",Central
26111,26,Midland County,Michigan,33220,"Midland, MI",Metropolitan Statistical Area,,,474,"Saginaw-Midland-Bay City, MI",Central
26113,26,Missaukee County,Michigan,15620,"Cadillac, MI",Micropolitan Statistical Area,,,,,Outlying
26115,26,Monroe County,Michigan,33780,"Monroe, MI",Metropolitan Statistical Area,,,220,"Detroit-Warren-Ann Arbor, MI",Central
26117,26,Montcalm County,Michigan,24340,"Grand Rapids-Wyoming-Kentwood, MI",Metropolitan Statistical Area,,,266,"Grand Rapids-Wyoming, MI",Outlying
26121,26,Muskegon County,Michigan,34740,"Muskegon-Norton Shores, MI",Metropolitan Statistical Area,,,266,"Grand Rapids-Wyoming, MI",Central
26125,26,Oakland County,Michigan,19820,"Detroit-Warren-Dearborn, MI",Metropolitan Statistical Area,47664,"Warren-Troy-Farmington Hills, MI",220,"Detroit-Warren-Ann Arbor, MI",Central
26139,26,Ottawa County,Michigan,24340,"Grand Rapids-Wyoming-Kentwood, MI",Metropolitan Statistical Area,,,266,"Grand Rapids-Wyoming, MI",Outlying
26145,26,Saginaw County,Michigan,40980,"Saginaw, MI",Metropolitan Statistical Area,,,474,"Saginaw-Midland-Bay City, MI",Central
26147,26,St. Clair County,Michigan,19820,"Detroit-Warren-Dearborn, MI",Metropolitan Statistical Area,47664,"Warren-Troy-Farmington Hills, MI",220,"Detroit-Warren-Ann Arbor, MI",Outlying
26149,26,St. Joseph County,Michigan,44780,"Sturgis, MI",Micropolitan Statistical Area,,,310,"Kalamazoo-Battle Creek-Portage, MI",Central
26155,26,Shiawassee County,Michigan,37020,"Owosso, MI",Micropolitan Statistical Area,,,330,"Lansing-East Lansing-Owosso, MI",Central
26161,26,Washtenaw County,Michigan,11460,"Ann Arbor, MI",Metropolitan Statistical Area,,,220,"Detroit-Warren-Ann Arbor, MI",Central
26163,26,Wayne County,Michigan,19820,"Detroit-Warren-Dearborn, MI",Metropolitan Statistical Area,19804,"Detroit-Dearborn-Livonia, MI",220,"Detroit-Warren-Ann Arbor, MI",Central
26165,26,Wexford County,Michigan,15620,"Cadillac, MI",Micropolitan Statistical Area,,,,,Central
27003,27,Anoka County,Minnesota,33460,"Minneapolis-St. Paul-Bloomington, MN-WI",Metropolitan Statistical Area,,,378,"Minneapolis-St. Paul, MN-WI",Central
27005,27,Becker County,Minnesota,19810,"Detroit Lakes, MN",Micropolitan Statistical Area,,,,,Central
27007,27,Beltrami County,Minnesota,13420,"Bemidji, MN",Micropolitan Statistical Area,,,,,Central
27009,27,Benton County,Minnesota,41060,"St. Cloud, MN",Metropolitan Statistical Area,,,378,"Minneapolis-St. Paul, MN-WI",Central
27013,27,Blue Earth County,Minnesota,31860,"Mankato, MN",Metropolitan Statistical Area,,,359,"Mankato-New Ulm, MN",Central
27015,27,Brown County,Minnesota,35580,"New Ulm, MN",Micropolitan Statistical Area,,,359,"Mankato-New Ulm, MN",Central
27017,27,Carlton County,Minnesota,20260,"Duluth, MN-WI",Metropolitan Statistical Area,,,228,"Duluth-Grand Rapids, MN-WI",Outlying
27019,27,Carver County,Minnesota,33460,"Minneapolis-St. Paul-Bloomington, MN-WI",Metropolitan Statistical Area,,,378,"Minneapolis-St. Paul, MN-WI",Central
27021,27,Cass County,Minnesota,14660,"Brainerd, MN",Micropolitan Statistical Area,,,,,Outlying
27025,27,Chisago County,Minnesota,33460,"Minneapolis-St. Paul-Bloomington, MN-WI",Metropolitan Statistical Area,,,378,"Minneapolis-St. Paul, MN-WI",Outlying
27027,27,Clay County,Minnesota,22020,"Fargo, ND-MN",Metropolitan Statistical Area,,,244,"Fargo-Wahpeton, ND-MN",Central
27035,27,Crow Wing County,Minnesota,14660,"Brainerd, MN",Micropolitan Statistical Area,,,,,Central
27037,27,Dakota County,Minnesota,33460,"Minneapolis-St. Paul-Bloomington, MN-WI",Metropolitan Statistical Area,,,378,"Minneapolis-St. Paul, MN-WI",Central
27039,27,Dodge County,Minnesota,40340,"Rochester, MN",Metropolitan Statistical Area,,,462,"Rochester-Austin-Winona, MN",Outlying
27041,27,Douglas County,Minnesota,10820,"Alexandria, MN",Micropolitan Statistical Area,,,,,Central
27045,27,Fillmore County,Minnesota,40340,"Rochester, MN",Metropolitan Statistical Area,,,462,"Rochester-Austin-Winona, MN",Outlying
27047,27,Freeborn County,Minnesota,10660,"Albert Lea, MN",Micropolitan Statistical Area,,,,,Central
27049,27,Goodhue County,Minnesota,39860,"Red Wing, MN",Micropolitan Statistical Area,,,378,"Minneapolis-St. Paul, MN-WI",Central
27053,27,Hennepin County,Minnesota,33460,"Minneapolis-St. Paul-Bloomington, MN-WI",Metropolitan Statistical Area,,,378,"Minneapolis-St. Paul, MN-WI",Central
27055,27,Houston County,Minnesota,29100,"La Crosse-Onalaska, WI-MN",Metropolitan Statistical Area,,,317,"La Crosse-Onalaska-Sparta, WI-MN",Central
27059,27,Isanti County,Minnesota,33460,"Minneapolis-St. Paul-Bloomington, MN-WI",Metropolitan Statistical Area,,,378,"Minneapolis-St. Paul, MN-WI",Outlying
27061,27,Itasca County,Minnesota,24330,"Grand Rapids, MN",Micropolitan Statistical Area,,,228,"Duluth-Grand Rapids, MN-WI",Central
27067,27,Kandiyohi County,Minnesota,48820,"Willmar, MN",Micropolitan Statistical Area,,,,,Central
27079,27,Le Sueur County,Minnesota,33460,"Minneapolis-St. Paul-Bloomington, MN-WI",Metropolitan Statistical Area,,,378,"Minneapolis-St. Paul, MN-WI",Outlying
27083,27,Lyon County,Minnesota,32140,"Marshall, MN",Micropolitan Statistical Area,,,,,Central
27085,27,McLeod County,Minnesota,26780,"Hutchinson, MN",Micropolitan Statistical Area,,,378,"Minneapolis-St. Paul, MN-WI",Central
27091,27,Martin County,Minnesota,21860,"Fairmont, MN",Micropolitan Statistical Area,,,,,Central
27095,27,Mille Lacs County,Minnesota,33460,"Minneapolis-St. Paul-Bloomington, MN-WI",Metropolitan Statistical Area,,,378,"Minneapolis-St. Paul, MN-WI",Outlying
27099,27,Mower County,Minnesota,12380,"Austin, MN",Micropolitan Statistical Area,,,462,"Rochester-Austin-Winona, MN",Central
27103,27,Nicollet County,Minnesota,31860,"Mankato, MN",Metropolitan Statistical Area,,,359,"Mankato-New Ulm, MN",Central
27105,27,Nobles County,Minnesota,49380,"Worthington, MN",Micropolitan Statistical Area,,,,,Central
27109,27,Olmsted County,Minnesota,40340,"Rochester, MN",Metropolitan Statistical Area,,,462,"Rochester-Austin-Winona, MN",Central
27111,27,Otter Tail County,Minnesota,22260,"Fergus Falls, MN",Micropolitan Statistical Area,,,,,Central
27119,27,Polk County,Minnesota,24220,"Grand Forks, ND-MN",Metropolitan Statistical Area,,,,,Central
27123,27,Ramsey County,Minnesota,33460,"Minneapolis-St. Paul-Bloomington, MN-WI",Metropolitan Statistical Area,,,378,"Minneapolis-St. Paul, MN-WI",Central
27131,27,Rice County,Minnesota,22060,"Faribault-Northfield, MN",Micropolitan Statistical Area,,,378,"Minneapolis-St. Paul, MN-WI",Central
27133,27,Rock County,Minnesota,43620,"Sioux Falls, SD-MN",Metropolitan Statistical Area,,,,,Outlying
27137,27,St. Louis County,Minnesota,20260,"Duluth, MN-WI",Metropolitan Statistical Area,,,228,"Duluth-Grand Rapids, MN-WI",Central
27139,27,Scott County,Minnesota,33460,"Minneapolis-St. Paul-Bloomington, MN-WI",Metropolitan Statistical Area,,,378,"Minneapolis-St. Paul, MN-WI",Central
27141,27,Sherburne County,Minnesota,33460,"Minneapolis-St. Paul-Bloomington, MN-WI",Metropolitan Statistical Area,,,378,"Minneapolis-St. Paul, MN-WI",Central
27145,27,Stearns County,Minnesota,41060,"St. Cloud, MN",Metropolitan Statistical Area,,,378,"Minneapolis-St. Paul, MN-WI",Central
27147,27,Steele County,Minnesota,36940,"Owatonna, MN",Micropolitan Statistical Area,,,378,"Minneapolis-St. Paul, MN-WI",Central
27157,27,Wabasha County,Minnesota,40340,"Rochester, MN",Metropolitan Statistical Area,,,462,"Rochester-Austin-Winona, MN",Outlying
27163,27,Washington County,Minnesota,33460,"Minneapolis-St. Paul-Bloomington, MN-WI",Metropolitan Statistical Area,,,378,"Minneapolis-St. Paul, MN-WI",Central
27167,27,Wilkin County,Minnesota,47420,"Wahpeton, ND-MN",Micropolitan Statistical Area,,,244,"Fargo-Wahpeton, ND-MN",Central
27169,27,Winona County,Minnesota,49100,"Winona, MN",Micropolitan Statistical Area,,,462,"Rochester-Austin-Winona, MN",Central
27171,27,Wright County,Minnesota,33460,"Minneapolis-St. Paul-Bloomington, MN-WI",Metropolitan Statistical Area,,,378,"Minneapolis-St. Paul, MN-WI",Central
28001,28,Adams County,Mississippi,35020,"Natchez, MS-LA",Micropolitan Statistical Area,,,,,Central
28003,28,Alcorn County,Mississippi,18420,"Corinth, MS",Micropolitan Statistical Area,,,539,"Tupelo-Corinth, MS",Central
28009,28,Benton County,Mississippi,32820,"Memphis, TN-MS-AR",Metropolitan Statistical Area,,,368,"Memphis-Clarksdale-Forrest City, TN-MS-AR",Outlying
28011,28,Bolivar County,Mississippi,17380,"Cleveland, MS",Micropolitan Statistical Area,,,,,Central
28015,28,Carroll County,Mississippi,24900,"Greenwood, MS",Micropolitan Statistical Area,,,,,Outlying
28023,28,Clarke County,Mississippi,32940,"Meridian, MS",Micropolitan Statistical Area,,,,,Outlying
28027,28,Coahoma County,Mississippi,17260,"Clarksdale, MS",Micropolitan Statistical Area,,,368,"Memphis-Clarksdale-Forrest City, TN-MS-AR",Central
28029,28,Copiah County,Mississippi,27140,"Jackson, MS",Metropolitan Statistical Area,,,298,"Jackson-Vicksburg-Brookhaven, MS",Outlying
28033,28,DeSoto County,Mississippi,32820,"Memphis, TN-MS-AR",Metropolitan Statistical Area,,,368,"Memphis-Clarksdale-Forrest City, TN-MS-AR",Central
28035,28,Forrest County,Mississippi,25620,"Hattiesburg, MS",Metropolitan Statistical Area,,,279,"Hattiesburg-Laurel, MS",Central
28043,28,Grenada County,Mississippi,24980,"Grenada, MS",Micropolitan Statistical Area,,,,,Central
28045,28,Hancock County,Mississippi,25060,"Gulfport-Biloxi, MS",Metropolitan Statistical Area,,,,,Central
28047,28,Harrison County,Mississippi,25060,"Gulfport-Biloxi, MS",Metropolitan Statistical Area,,,,,Central
28049,28,Hinds County,Mississippi,27140,"Jackson, MS",Metropolitan Statistical Area,,,298,"Jackson-Vicksburg-Brookhaven, MS",Central
28051,28,Holmes County,Mississippi,27140,"Jackson, MS",Metropolitan Statistical Area,,,298,"Jackson-Vicksburg-Brookhaven, MS",Outlying
28057,28,Itawamba County,Mississippi,46180,"Tupelo, MS",Micropolitan Statistical Area,,,539,"Tupelo-Corinth, MS",Outlying
28059,28,Jackson County,Mississippi,25060,"Gulfport-Biloxi, MS",Metropolitan Statistical Area,,,,,Outlying
28061,28,Jasper County,Mississippi,29860,"Laurel, MS",Micropolitan Statistical Area,,,279,"Hattiesburg-Laurel, MS",Outlying
28063,28,Jefferson County,Mississippi,35020,"Natchez, MS-LA",Micropolitan Statistical Area,,,,,Outlying
28067,28,Jones County,Mississippi,29860,"Laurel, MS",Micropolitan Statistical Area,,,279,"Hattiesburg-Laurel, MS",Central
28071,28,Lafayette County,Mississippi,37060,"Oxford, MS",Micropolitan Statistical Area,,,,,Central
28073,28,Lamar County,Mississippi,25620,"Hattiesburg, MS",Metropolitan Statistical Area,,,279,"Hattiesburg-Laurel, MS",Central
28075,28,Lauderdale County,Mississippi,32940,"Meridian, MS",Micropolitan Statistical Area,,,,,Central
28081,28,Lee County,Mississippi,46180,"Tupelo, MS",Micropolitan Statistical Area,,,539,"Tupelo-Corinth, MS",Central
28083,28,Leflore County,Mississippi,24900,"Greenwood, MS",Micropolitan Statistical Area,,,,,Central
28085,28,Lincoln County,Mississippi,15020,"Brookhaven, MS",Micropolitan Statistical Area,,,298,"Jackson-Vicksburg-Brookhaven, MS",Central
28087,28,Lowndes County,Mississippi,18060,"Columbus, MS",Micropolitan Statistical Area,,,523,"Starkville-Columbus, MS",Central
28089,28,Madison County,Mississippi,27140,"Jackson, MS",Metropolitan Statistical Area,,,298,"Jackson-Vicksburg-Brookhaven, MS",Central
28093,28,Marshall County,Mississippi,32820,"Memphis, TN-MS-AR",Metropolitan Statistical Area,,,368,"Memphis-Clarksdale-Forrest City, TN-MS-AR",Outlying
28097,28,Montgomery County,Mississippi,24980,"Grenada, MS",Micropolitan Statistical Area,,,,,Outlying
28103,28,Noxubee County,Mississippi,18060,"Columbus, MS",Micropolitan Statistical Area,,,523,"Starkville-Columbus, MS",Outlying
28105,28,Oktibbeha County,Mississippi,44260,"Starkville, MS",Micropolitan Statistical Area,,,523,"Starkville-Columbus, MS",Central
28109,28,Pearl River County,Mississippi,38100,"Picayune, MS",Micropolitan Statistical Area,,,406,"New Orleans-Metairie-Slidell, LA-MS",Central
28111,28,Perry County,Mississippi,25620,"Hattiesburg, MS",Metropolitan Statistical Area,,,279,"Hattiesburg-Laurel, MS",Outlying
28113,28,Pike County,Mississippi,32620,"McComb, MS",Micropolitan Statistical Area,,,,,Central
28117,28,Prentiss County,Mississippi,46180,"Tupelo, MS",Micropolitan Statistical Area,,,539,"Tupelo-Corinth, MS",Outlying
28121,28,Rankin County,Mississippi,27140,"Jackson, MS",Metropolitan Statistical Area,,,298,"Jackson-Vicksburg-Brookhaven, MS",Central
28123,28,Scott County,Mississippi,27140,"Jackson, MS",Metropolitan Statistical Area,,,298,"Jackson-Vicksburg-Brookhaven, MS",Outlying
28127,28,Simpson County,Mississippi,27140,"Jackson, MS",Metropolitan Statistical Area,,,298,"Jackson-Vicksburg-Brookhaven, MS",Outlying
28131,28,Stone County,Mississippi,25060,"Gulfport-Biloxi, MS",Metropolitan Statistical Area,,,,,Outlying
28137,28,Tate County,Mississippi,32820,"Memphis, TN-MS-AR",Metropolitan Statistical Area,,,368,"Memphis-Clarksdale-Forrest City, TN-MS-AR",Outlying
28143,28,Tunica County,Mississippi,32820,"Memphis, TN-MS-AR",Metropolitan Statistical Area,,,368,"Memphis-Clarksdale-Forrest City, TN-MS-AR",Outlying
28147,28,Walthall County,Mississippi,32620,"McComb, MS",Micropolitan Statistical Area,,,,,Outlying
28149,28,Warren County,Mississippi,46980,"Vicksburg, MS",Micropolitan Statistical Area,,,298,"Jackson-Vicksburg-Brookhaven, MS",Central
28151,28,Washington County,Mississippi,24740,"Greenville, MS",Micropolitan Statistical Area,,,,,Central
28155,28,Webster County,Mississippi,44260,"Starkville, MS",Micropolitan Statistical Area,,,523,"Starkville-Columbus, MS",Outlying
28161,28,Yalobusha County,Mississippi,37060,"Oxford, MS",Micropolitan Statistical Area,,,,,Outlying
28163,28,Yazoo County,Mississippi,27140,"Jackson, MS",Metropolitan Statistical Area,,,298,"Jackson-Vicksburg-Brookhaven, MS",Outlying
29001,29,Adair County,Missouri,28860,"Kirksville, MO",Micropolitan Statistical Area,,,,,Central
29003,29,Andrew County,Missouri,41140,"St. Joseph, MO-KS",Metropolitan Statistical Area,,,312,"Kansas City-Overland Park-Kansas City, MO-KS",Outlying
29007,29,Audrain County,Missouri,33020,"Mexico, MO",Micropolitan Statistical Area,,,190,"Columbia-Jefferson City-Moberly, MO",Central
29013,29,Bates County,Missouri,28140,"Kansas City, MO-KS",Metropolitan Statistical Area,,,312,"Kansas City-Overland Park-Kansas City, MO-KS",Outlying
29017,29,Bollinger County,Missouri,16020,"Cape Girardeau, MO-IL",Metropolitan Statistical Area,,,164,"Cape Girardeau-Sikeston, MO-IL",Outlying
29019,29,Boone County,Missouri,17860,"Columbia, MO",Metropolitan Statistical Area,,,190,"Columbia-Jefferson City-Moberly, MO",Central
29021,29,Buchanan County,Missouri,41140,"St. Joseph, MO-KS",Metropolitan Statistical Area,,,312,"Kansas City-Overland Park-Kansas City, MO-KS",Central
29023,29,Butler County,Missouri,38740,"Poplar Bluff, MO",Micropolitan Statistical Area,,,,,Central
29025,29,Caldwell County,Missouri,28140,"Kansas City, MO-KS",Metropolitan Statistical Area,,,312,"Kansas City-Overland Park-Kansas City, MO-KS",Outlying
29027,29,Callaway County,Missouri,27620,"Jefferson City, MO",Metropolitan Statistical Area,,,190,"Columbia-Jefferson City-Moberly, MO",Outlying
29031,29,Cape Girardeau County,Missouri,16020,"Cape Girardeau, MO-IL",Metropolitan Statistical Area,,,164,"Cape Girardeau-Sikeston, MO-IL",Central
29037,29,Cass County,Missouri,28140,"Kansas City, MO-KS",Metropolitan Statistical Area,,,312,"Kansas City-Overland Park-Kansas City, MO-KS",Central
29043,29,Christian County,Missouri,44180,"Springfield, MO",Metropolitan Statistical Area,,,,,Central
29047,29,Clay County,Missouri,28140,"Kansas City, MO-KS",Metropolitan Statistical Area,,,312,"Kansas City-Overland Park-Kansas City, MO-KS",Central
29049,29,Clinton County,Missouri,28140,"Kansas City, MO-KS",Metropolitan Statistical Area,,,312,"Kansas City-Overland Park-Kansas City, MO-KS",Outlying
29051,29,Cole County,Missouri,27620,"Jefferson City, MO",Metropolitan Statistical Area,,,190,"Columbia-Jefferson City-Moberly, MO",Central
29053,29,Cooper County,Missouri,17860,"Columbia, MO",Metropolitan Statistical Area,,,190,"Columbia-Jefferson City-Moberly, MO",Outlying
29059,29,Dallas County,Missouri,44180,"Springfield, MO",Metropolitan Statistical Area,,,,,Outlying
29063,29,DeKalb County,Missouri,41140,"St. Joseph, MO-KS",Metropolitan Statistical Area,,,312,"Kansas City-Overland Park-Kansas City, MO-KS",Outlying
29069,29,Dunklin County,Missouri,28380,"Kennett, MO",Micropolitan Statistical Area,,,,,Central
29071,29,Franklin County,Missouri,41180,"St. Louis, MO-IL",Metropolitan Statistical Area,,,476,"St. Louis-St. Charles-Farmington, MO-IL",Outlying
29077,29,Greene County,Missouri,44180,"Springfield, MO",Metropolitan Statistical Area,,,,,Central
29089,29,Howard County,Missouri,17860,"Columbia, MO",Metropolitan Statistical Area,,,190,"Columbia-Jefferson City-Moberly, MO",Outlying
29091,29,Howell County,Missouri,48460,"West Plains, MO",Micropolitan Statistical Area,,,,,Central
29095,29,Jackson County,Missouri,28140,"Kansas City, MO-KS",Metropolitan Statistical Area,,,312,"Kansas City-Overland Park-Kansas City, MO-KS",Central
29097,29,Jasper County,Missouri,27900,"Joplin, MO-KS",Metropolitan Statistical Area,,,309,"Joplin-Miami, MO-OK-KS",Central
29099,29,Jefferson County,Missouri,41180,"St. Louis, MO-IL",Metropolitan Statistical Area,,,476,"St. Louis-St. Charles-Farmington, MO-IL",Central
29101,29,Johnson County,Missouri,47660,"Warrensburg, MO",Micropolitan Statistical Area,,,312,"Kansas City-Overland Park-Kansas City, MO-KS",Central
29105,29,Laclede County,Missouri,30060,"Lebanon, MO",Micropolitan Statistical Area,,,,,Central
29107,29,Lafayette County,Missouri,28140,"Kansas City, MO-KS",Metropolitan Statistical Area,,,312,"Kansas City-Overland Park-Kansas City, MO-KS",Outlying
29111,29,Lewis County,Missouri,39500,"Quincy, IL-MO",Micropolitan Statistical Area,,,448,"Quincy-Hannibal, IL-MO",Outlying
29113,29,Lincoln County,Missouri,41180,"St. Louis, MO-IL",Metropolitan Statistical Area,,,476,"St. Louis-St. Charles-Farmington, MO-IL",Outlying
29127,29,Marion County,Missouri,25300,"Hannibal, MO",Micropolitan Statistical Area,,,448,"Quincy-Hannibal, IL-MO",Central
29133,29,Mississippi County,Missouri,43460,"Sikeston, MO",Micropolitan Statistical Area,,,164,"Cape Girardeau-Sikeston, MO-IL",Outlying
29135,29,Moniteau County,Missouri,27620,"Jefferson City, MO",Metropolitan Statistical Area,,,190,"Columbia-Jefferson City-Moberly, MO",Outlying
29145,29,Newton County,Missouri,27900,"Joplin, MO-KS",Metropolitan Statistical Area,,,309,"Joplin-Miami, MO-OK-KS",Outlying
29147,29,Nodaway County,Missouri,32340,"Maryville, MO",Micropolitan Statistical Area,,,,,Central
29151,29,Osage County,Missouri,27620,"Jefferson City, MO",Metropolitan Statistical Area,,,190,"Columbia-Jefferson City-Moberly, MO",Outlying
29159,29,Pettis County,Missouri,42740,"Sedalia, MO",Micropolitan Statistical Area,,,,,Central
29161,29,Phelps County,Missouri,40620,"Rolla, MO",Micropolitan Statistical Area,,,,,Central
29165,29,Platte County,Missouri,28140,"Kansas City, MO-KS",Metropolitan Statistical Area,,,312,"Kansas City-Overland Park-Kansas City, MO-KS",Central
29167,29,Polk County,Missouri,44180,"Springfield, MO",Metropolitan Statistical Area,,,,,Outlying
29169,29,Pulaski County,Missouri,22780,"Fort Leonard Wood, MO",Micropolitan Statistical Area,,,,,Central
29173,29,Ralls County,Missouri,25300,"Hannibal, MO",Micropolitan Statistical Area,,,448,"Quincy-Hannibal, IL-MO",Outlying
29175,29,Randolph County,Missouri,33620,"Moberly, MO",Micropolitan Statistical Area,,,190,"Columbia-Jefferson City-Moberly, MO",Central
29177,29,Ray County,Missouri,28140,"Kansas City, MO-KS",Metropolitan Statistical Area,,,312,"Kansas City-Overland Park-Kansas City, MO-KS",Outlying
29183,29,St. Charles County,Missouri,41180,"St. Louis, MO-IL",Metropolitan Statistical Area,,,476,"St. Louis-St. Charles-Farmington, MO-IL",Central
29187,29,St. Francois County,Missouri,22100,"Farmington, MO",Micropolitan Statistical Area,,,476,"St. Louis-St. Charles-Farmington, MO-IL",Central
29189,29,St. Louis County,Missouri,41180,"St. Louis, MO-IL",Metropolitan Statistical Area,,,476,"St. Louis-St. Charles-Farmington, MO-IL",Central
29195,29,Saline County,Missouri,32180,"Marshall, MO",Micropolitan Statistical Area,,,,,Central
29197,29,Schuyler County,Missouri,28860,"Kirksville, MO",Micropolitan Statistical Area,,,,,Outlying
29201,29,Scott County,Missouri,43460,"Sikeston, MO",Micropolitan Statistical Area,,,164,"Cape Girardeau-Sikeston, MO-IL",Central
29213,29,Taney County,Missouri,14700,"Branson, MO",Micropolitan Statistical Area,,,,,Central
29219,29,Warren County,Missouri,41180,"St. Louis, MO-IL",Metropolitan Statistical Area,,,476,"St. Louis-St. Charles-Farmington, MO-IL",Outlying
29225,29,Webster County,Missouri,44180,"Springfield, MO",Metropolitan Statistical Area,,,,,Outlying
29510,29,St. Louis city,Missouri,41180,"St. Louis, MO-IL",Metropolitan Statistical Area,,,476,"St. Louis-St. Charles-Farmington, MO-IL",Central
30007,30,Broadwater County,Montana,25740,"Helena, MT",Metropolitan Statistical Area,,,,,Outlying
30009,30,Carbon County,Montana,13740,"Billings, MT",Metropolitan Statistical Area,,,,,Outlying
30013,30,Cascade County,Montana,24500,"Great Falls, MT",Metropolitan Statistical Area,,,,,Central
30029,30,Flathead County,Montana,28060,"Kalispell, MT",Micropolitan Statistical Area,,,,,Central
30031,30,Gallatin County,Montana,14580,"Bozeman, MT",Metropolitan Statistical Area,,,,,Central
30043,30,Jefferson County,Montana,25740,"Helena, MT",Metropolitan Statistical Area,,,,,Outlying
30049,30,Lewis and Clark County,Montana,25740,"Helena, MT",Metropolitan Statistical Area,,,,,Central
30061,30,Mineral County,Montana,33540,"Missoula, MT",Metropolitan Statistical Area,,,,,Outlying
30063,30,Missoula County,Montana,33540,"Missoula, MT",Metropolitan Statistical Area,,,,,Central
30093,30,Silver Bow County,Montana,15580,"Butte-Silver Bow, MT",Micropolitan Statistical Area,,,,,Central
30095,30,Stillwater County,Montana,13740,"Billings, MT",Metropolitan Statistical Area,,,,,Outlying
30111,30,Yellowstone County,Montana,13740,"Billings, MT",Metropolitan Statistical Area,,,,,Central
31001,31,Adams County,Nebraska,25580,"Hastings, NE",Micropolitan Statistical Area,,,,,Central
31007,31,Banner County,Nebraska,42420,"Scottsbluff, NE",Micropolitan Statistical Area,,,,,Outlying
31019,31,Buffalo County,Nebraska,28260,"Kearney, NE",Micropolitan Statistical Area,,,,,Central
31025,31,Cass County,Nebraska,36540,"Omaha, NE-IA",Metropolitan Statistical Area,,,420,"Omaha-Fremont, NE-IA",Outlying
31035,31,Clay County,Nebraska,25580,"Hastings, NE",Micropolitan Statistical Area,,,,,Outlying
31037,31,Colfax County,Nebraska,18100,"Columbus, NE",Micropolitan Statistical Area,,,,,Outlying
31043,31,Dakota County,Nebraska,43580,"Sioux City, IA-NE-SD",Metropolitan Statistical Area,,,512,"Sioux City-Le Mars, IA-NE-SD",Central
31047,31,Dawson County,Nebraska,30420,"Lexington, NE",Micropolitan Statistical Area,,,,,Central
31053,31,Dodge County,Nebraska,23340,"Fremont, NE",Micropolitan Statistical Area,,,420,"Omaha-Fremont, NE-IA",Central
31055,31,Douglas County,Nebraska,36540,"Omaha, NE-IA",Metropolitan Statistical Area,,,420,"Omaha-Fremont, NE-IA",Central
31067,31,Gage County,Nebraska,13100,"Beatrice, NE",Micropolitan Statistical Area,,,339,"Lincoln-Beatrice, NE",Central
31073,31,Gosper County,Nebraska,30420,"Lexington, NE",Micropolitan Statistical Area,,,,,Outlying
31079,31,Hall County,Nebraska,24260,"Grand Island, NE",Metropolitan Statistical Area,,,,,Central
31093,31,Howard County,Nebraska,24260,"Grand Island, NE",Metropolitan Statistical Area,,,,,Outlying
31099,31,Kearney County,Nebraska,28260,"Kearney, NE",Micropolitan Statistical Area,,,,,Outlying
31109,31,Lancaster County,Nebraska,30700,"Lincoln, NE",Metropolitan Statistical Area,,,339,"Lincoln-Beatrice, NE",Central
31111,31,Lincoln County,Nebraska,35820,"North Platte, NE",Micropolitan Statistical Area,,,,,Central
31113,31,Logan County,Nebraska,35820,"North Platte, NE",Micropolitan Statistical Area,,,,,Outlying
31119,31,Madison County,Nebraska,35740,"Norfolk, NE",Micropolitan Statistical Area,,,,,Central
31121,31,Merrick County,Nebraska,24260,"Grand Island, NE",Metropolitan Statistical Area,,,,,Outlying
31139,31,Pierce County,Nebraska,35740,"Norfolk, NE",Micropolitan Statistical Area,,,,,Outlying
31141,31,Platte County,Nebraska,18100,"Columbus, NE",Micropolitan Statistical Area,,,,,Central
31153,31,Sarpy County,Nebraska,36540,"Omaha, NE-IA",Metropolitan Statistical Area,,,420,"Omaha-Fremont, NE-IA",Central
31155,31,Saunders County,Nebraska,36540,"Omaha, NE-IA",Metropolitan Statistical Area,,,420,"Omaha-Fremont, NE-IA",Outlying
31157,31,Scotts Bluff County,Nebraska,42420,"Scottsbluff, NE",Micropolitan Statistical Area,,,,,Central
31159,31,Seward County,Nebraska,30700,"Lincoln, NE",Metropolitan Statistical Area,,,339,"Lincoln-Beatrice, NE",Outlying
31167,31,Stanton County,Nebraska,35740,"Norfolk, NE",Micropolitan Statistical Area,,,,,Outlying
31177,31,Washington County,Nebraska,36540,"Omaha, NE-IA",Metropolitan Statistical Area,,,420,"Omaha-Fremont, NE-IA",Outlying
31181,31,Webster County,Nebraska,25580,"Hastings, NE",Micropolitan Statistical Area,,,,,Outlying
32001,32,Churchill County,Nevada,21980,"Fallon, NV",Micropolitan Statistical Area,,,456,"Reno-Carson City-Gardnerville Ranchos, NV-CA",Central
32003,32,Clark County,Nevada,29820,"Las Vegas-Henderson-North Las Vegas, NV",Metropolitan Statistical Area,,,332,"Las Vegas-Henderson, NV",Central
32005,32,Douglas County,Nevada,23820,"Gardnerville Ranchos, NV-CA",Micropolitan Statistical Area,,,456,"Reno-Carson City-Gardnerville Ranchos, NV-CA",Central
32007,32,Elko County,Nevada,21220,"Elko, NV",Micropolitan Statistical Area,,,,,Central
32011,32,Eureka County,Nevada,21220,"Elko, NV",Micropolitan Statistical Area,,,,,Outlying
32013,32,Humboldt County,Nevada,49080,"Winnemucca, NV",Micropolitan Statistical Area,,,,,Central
32019,32,Lyon County,Nevada,39900,"Reno, NV",Metropolitan Statistical Area,,,456,"Reno-Carson City-Gardnerville Ranchos, NV-CA",Outlying
32023,32,Nye County,Nevada,37220,"Pahrump, NV",Micropolitan Statistical Area,,,332,"Las Vegas-Henderson, NV",Central
32029,32,Storey County,Nevada,39900,"Reno, NV",Metropolitan Statistical Area,,,456,"Reno-Carson City-Gardnerville Ranchos, NV-CA",Outlying
32031,32,Washoe County,Nevada,39900,"Reno, NV",Metropolitan Statistical Area,,,456,"Reno-Carson City-Gardnerville Ranchos, NV-CA",Central
32510,32,Carson City,Nevada,16180,"Carson City, NV",Metropolitan Statistical Area,,,456,"Reno-Carson City-Gardnerville Ranchos, NV-CA",Central
33001,33,Belknap County,New Hampshire,29060,"Laconia, NH",Micropolitan Statistical Area,,,148,"Boston-Worcester-Providence, MA-RI-NH",Central
33005,33,Cheshire County,New Hampshire,28300,"Keene, NH",Micropolitan Statistical Area,,,313,"Keene-Brattleboro, NH-VT",Central
33009,33,Grafton County,New Hampshire,30150,"Lebanon-Claremont, NH-VT",Micropolitan Statistical Area,,,,,Central
33011,33,Hillsborough County,New Hampshire,31700,"Manchester-Nashua, NH",Metropolitan Statistical Area,,,148,"Boston-Worcester-Providence, MA-RI-NH",Central
33013,33,Merrimack County,New Hampshire,18180,"Concord, NH",Micropolitan Statistical Area,,,148,"Boston-Worcester-Providence, MA-RI-NH",Central
33015,33,Rockingham County,New Hampshire,14460,"Boston-Cambridge-Newton, MA-NH",Metropolitan Statistical Area,40484,"Rockingham County-Strafford County, NH",148,"Boston-Worcester-Providence, MA-RI-NH",Central
33017,33,Strafford County,New Hampshire,14460,"Boston-Cambridge-Newton, MA-NH",Metropolitan Statistical Area,40484,"Rockingham County-Strafford County, NH",148,"Boston-Worcester-Providence, MA-RI-NH",Outlying
33019,33,Sullivan County,New Hampshire,30150,"Lebanon-Claremont, NH-VT",Micropolitan Statistical Area,,,,,Outlying
34001,34,Atlantic County,New Jersey,12100,"Atlantic City-Hammonton, NJ",Metropolitan Statistical Area,,,428,"Philadelphia-Reading-Camden, PA-NJ-DE-MD",Central
34003,34,Bergen County,New Jersey,35620,"New York-Newark-Jersey City, NY-NJ",Metropolitan Statistical Area,35614,"New York-Jersey City-White Plains, NY-NJ",408,"New York-Newark, NY-NJ-CT-PA",Central
34005,34,Burlington County,New Jersey,37980,"Philadelphia-Camden-Wilmington, PA-NJ-DE-MD",Metropolitan Statistical Area,15804,"Camden, NJ",428,"Philadelphia-Reading-Camden, PA-NJ-DE-MD",Central
34007,34,Camden County,New Jersey,37980,"Philadelphia-Camden-Wilmington, PA-NJ-DE-MD",Metropolitan Statistical Area,15804,"Camden, NJ",428,"Philadelphia-Reading-Camden, PA-NJ-DE-MD",Central
34009,34,Cape May County,New Jersey,12100,"Atlantic City-Hammonton, NJ",Metropolitan Statistical Area,,,428,"Philadelphia-Reading-Camden, PA-NJ-DE-MD",Central
34011,34,Cumberland County,New Jersey,47220,"Vineland, NJ",Metropolitan Statistical Area,,,428,"Philadelphia-Reading-Camden, PA-NJ-DE-MD",Central
34013,34,Essex County,New Jersey,35620,"New York-Newark-Jersey City, NY-NJ",Metropolitan Statistical Area,35084,"Newark, NJ",408,"New York-Newark, NY-NJ-CT-PA",Central
34015,34,Gloucester County,New Jersey,37980,"Philadelphia-Camden-Wilmington, PA-NJ-DE-MD",Metropolitan Statistical Area,15804,"Camden, NJ",428,"Philadelphia-Reading-Camden, PA-NJ-DE-MD",Central
34017,34,Hudson County,New Jersey,35620,"New York-Newark-Jersey City, NY-NJ",Metropolitan Statistical Area,35614,"New York-Jersey City-White Plains, NY-NJ",408,"New York-Newark, NY-NJ-CT-PA",Central
34019,34,Hunterdon County,New Jersey,35620,"New York-Newark-Jersey City, NY-NJ",Metropolitan Statistical Area,35084,"Newark, NJ",408,"New York-Newark, NY-NJ-CT-PA",Outlying
34021,34,Mercer County,New Jersey,45940,"Trenton-Princeton, NJ",Metropolitan Statistical Area,,,408,"New York-Newark, NY-NJ-CT-PA",Central
34023,34,Middlesex County,New Jersey,35620,"New York-Newark-Jersey City, NY-NJ",Metropolitan Statistical Area,29484,"Lakewood-New Brunswick, NJ",408,"New York-Newark, NY-NJ-CT-PA",Central
34025,34,Monmouth County,New Jersey,35620,"New York-Newark-Jersey City, NY-NJ",Metropolitan Statistical Area,29484,"Lakewood-New Brunswick, NJ",408,"New York-Newark, NY-NJ-CT-PA",Central
34027,34,Morris County,New Jersey,35620,"New York-Newark-Jersey City, NY-NJ",Metropolitan Statistical Area,35084,"Newark, NJ",408,"New York-Newark, NY-NJ-CT-PA",Central
34029,34,Ocean County,New Jersey,35620,"New York-Newark-Jersey City, NY-NJ",Metropolitan Statistical Area,29484,"Lakewood-New Brunswick, NJ",408,"New York-Newark, NY-NJ-CT-PA",Central
34031,34,Passaic County,New Jersey,35620,"New York-Newark-Jersey City, NY-NJ",Metropolitan Statistical Area,35614,"New York-Jersey City-White Plains, NY-NJ",408,"New York-Newark, NY-NJ-CT-PA",Central
34033,34,Salem County,New Jersey,37980,"Philadelphia-Camden-Wilmington, PA-NJ-DE-MD",Metropolitan Statistical Area,48864,"Wilmington, DE-MD-NJ",428,"Philadelphia-Reading-Camden, PA-NJ-DE-MD",Central
34035,34,Somerset County,New Jersey,35620,"New York-Newark-Jersey City, NY-NJ",Metropolitan Statistical Area,29484,"Lakewood-New Brunswick, NJ",408,"New York-Newark, NY-NJ-CT-PA",Central
34037,34,Sussex County,New Jersey,35620,"New York-Newark-Jersey City, NY-NJ",Metropolitan Statistical Area,35084,"Newark, NJ",408,"New York-Newark, NY-NJ-CT-PA",Outlying
34039,34,Union County,New Jersey,35620,"New York-Newark-Jersey City, NY-NJ",Metropolitan Statistical Area,35084,"Newark, NJ",408,"New York-Newark, NY-NJ-CT-PA",Central
34041,34,Warren County,New Jersey,10900,"Allentown-Bethlehem-Easton, PA-NJ",Metropolitan Statistical Area,,,106,"Allentown-Bethlehem-East Stroudsburg, PA-NJ",Central
35001,35,Bernalillo County,New Mexico,10740,"Albuquerque, NM",Metropolitan Statistical Area,,,105,"Albuquerque-Santa Fe-Los Alamos, NM",Central
35005,35,Chaves County,New Mexico,40740,"Roswell, NM",Micropolitan Statistical Area,,,,,Central
35009,35,Curry County,New Mexico,17580,"Clovis, NM",Micropolitan Statistical Area,,,,,Central
35013,35,Doña Ana County,New Mexico,29740,"Las Cruces, NM",Metropolitan Statistical Area,,,238,"El Paso-Las Cruces, TX-NM",Central
35015,35,Eddy County,New Mexico,16100,"Carlsbad-Artesia, NM",Micropolitan Statistical Area,,,,,Central
35017,35,Grant County,New Mexico,43500,"Silver City, NM",Micropolitan Statistical Area,,,,,Central
35025,35,Lea County,New Mexico,26020,"Hobbs, NM",Micropolitan Statistical Area,,,,,Central
35027,35,Lincoln County,New Mexico,40760,"Ruidoso, NM",Micropolitan Statistical Area,,,,,Central
35028,35,Los Alamos County,New Mexico,31060,"Los Alamos, NM",Micropolitan Statistical Area,,,105,"Albuquerque-Santa Fe-Los Alamos, NM",Central
35029,35,Luna County,New Mexico,19700,"Deming, NM",Micropolitan Statistical Area,,,,,Central
35031,35,McKinley County,New Mexico,23700,"Gallup, NM",Micropolitan Statistical Area,,,,,Central
35033,35,Mora County,New Mexico,29780,"Las Vegas, NM",Micropolitan Statistical Area,,,105,"Albuquerque-Santa Fe-Los Alamos, NM",Outlying
35035,35,Otero County,New Mexico,10460,"Alamogordo, NM",Micropolitan Statistical Area,,,,,Central
35039,35,Rio Arriba County,New Mexico,21580,"Española, NM",Micropolitan Statistical Area,,,105,"Albuquerque-Santa Fe-Los Alamos, NM",Central
35041,35,Roosevelt County,New Mexico,17580,"Clovis, NM",Micropolitan Statistical Area,,,,,Outlying
35043,35,Sandoval County,New Mexico,10740,"Albuquerque, NM",Metropolitan Statistical Area,,,105,"Albuquerque-Santa Fe-Los Alamos, NM",Central
35045,35,San Juan County,New Mexico,22140,"Farmington, NM",Metropolitan Statistical Area,,,,,Central
35047,35,San Miguel County,New Mexico,29780,"Las Vegas, NM",Micropolitan Statistical Area,,,105,"Albuquerque-Santa Fe-Los Alamos, NM",Central
35049,35,Santa Fe County,New Mexico,42140,"Santa Fe, NM",Metropolitan Statistical Area,,,105,"Albuquerque-Santa Fe-Los Alamos, NM",Central
35055,35,Taos County,New Mexico,45340,"Taos, NM",Micropolitan Statistical Area,,,,,Central
35057,35,Torrance County,New Mexico,10740,"Albuquerque, NM",Metropolitan Statistical Area,,,105,"Albuquerque-Santa Fe-Los Alamos, NM",Outlying
35061,35,Valencia County,New Mexico,10740,"Albuquerque, NM",Metropolitan Statistical Area,,,105,"Albuquerque-Santa Fe-Los Alamos, NM",Outlying
36001,36,Albany County,New York,10580,"Albany-Schenectady-Troy, NY",Metropolitan Statistical Area,,,104,"Albany-Schenectady, NY",Central
36005,36,Bronx County,New York,35620,"New York-Newark-Jersey City, NY-NJ",Metropolitan Statistical Area,35614,"New York-Jersey City-White Plains, NY-NJ",408,"New York-Newark, NY-NJ-CT-PA",Central
36007,36,Broome County,New York,13780,"Binghamton, NY",Metropolitan Statistical Area,,,,,Central
36009,36,Cattaraugus County,New York,36460,"Olean, NY",Micropolitan Statistical Area,,,160,"Buffalo-Cheektowaga-Olean, NY",Central
36011,36,Cayuga County,New York,12180,"Auburn, NY",Micropolitan Statistical Area,,,532,"Syracuse-Auburn, NY",Central
36013,36,Chautauqua County,New York,27460,"Jamestown-Dunkirk, NY",Micropolitan Statistical Area,,,,,Central
36015,36,Chemung County,New York,21300,"Elmira, NY",Metropolitan Statistical Area,,,236,"Elmira-Corning, NY",Central
36019,36,Clinton County,New York,38460,"Plattsburgh, NY",Micropolitan Statistical Area,,,,,Central
36021,36,Columbia County,New York,26460,"Hudson, NY",Micropolitan Statistical Area,,,104,"Albany-Schenectady, NY",Central
36023,36,Cortland County,New York,18660,"Cortland, NY",Micropolitan Statistical Area,,,296,"Ithaca-Cortland, NY",Central
36027,36,Dutchess County,New York,28880,"Kiryas Joel-Poughkeepsie-Newburgh, NY",Metropolitan Statistical Area,,,408,"New York-Newark, NY-NJ-CT-PA",Central
36029,36,Erie County,New York,15380,"Buffalo-Cheektowaga, NY",Metropolitan Statistical Area,,,160,"Buffalo-Cheektowaga-Olean, NY",Central
36035,36,Fulton County,New York,24100,"Gloversville, NY",Micropolitan Statistical Area,,,104,"Albany-Schenectady, NY",Central
36037,36,Genesee County,New York,12860,"Batavia, NY",Micropolitan Statistical Area,,,464,"Rochester-Batavia-Seneca Falls, NY",Central
36043,36,Herkimer County,New York,46540,"Utica-Rome, NY",Metropolitan Statistical Area,,,,,Outlying
36045,36,Jefferson County,New York,48060,"Watertown-Fort Drum, NY",Metropolitan Statistical Area,,,,,Central
36047,36,Kings County,New York,35620,"New York-Newark-Jersey City, NY-NJ",Metropolitan Statistical Area,35614,"New York-Jersey City-White Plains, NY-NJ",408,"New York-Newark, NY-NJ-CT-PA",Central
36051,36,Livingston County,New York,40380,"Rochester, NY",Metropolitan Statistical Area,,,464,"Rochester-Batavia-Seneca Falls, NY",Outlying
36053,36,Madison County,New York,45060,"Syracuse, NY",Metropolitan Statistical Area,,,532,"Syracuse-Auburn, NY",Outlying
36055,36,Monroe County,New York,40380,"Rochester, NY",Metropolitan Statistical Area,,,464,"Rochester-Batavia-Seneca Falls, NY",Central
36057,36,Montgomery County,New York,11220,"Amsterdam, NY",Micropolitan Statistical Area,,,104,"Albany-Schenectady, NY",Central
36059,36,Nassau County,New York,35620,"New York-Newark-Jersey City, NY-NJ",Metropolitan Statistical Area,35004,"Nassau County-Suffolk County, NY",408,"New York-Newark, NY-NJ-CT-PA",Central
36061,36,New York County,New York,35620,"New York-Newark-Jersey City, NY-NJ",Metropolitan Statistical Area,35614,"New York-Jersey City-White Plains, NY-NJ",408,"New York-Newark, NY-NJ-CT-PA",Central
36063,36,Niagara County,New York,15380,"Buffalo-Cheektowaga, NY",Metropolitan Statistical Area,,,160,"Buffalo-Cheektowaga-Olean, NY",Central
36065,36,Oneida County,New York,46540,"Utica-Rome, NY",Metropolitan Statistical Area,,,,,Central
36067,36,Onondaga County,New York,45060,"Syracuse, NY",Metropolitan Statistical Area,,,532,"Syracuse-Auburn, NY",Central
36069,36,Ontario County,New York,40380,"Rochester, NY",Metropolitan Statistical Area,,,464,"Rochester-Batavia-Seneca Falls, NY",Central
36071,36,Orange County,New York,28880,"Kiryas Joel-Poughkeepsie-Newburgh, NY",Metropolitan Statistical Area,,,408,"New York-Newark, NY-NJ-CT-PA",Central
36073,36,Orleans County,New York,40380,"Rochester, NY",Metropolitan Statistical Area,,,464,"Rochester-Batavia-Seneca Falls, NY",Outlying
36075,36,Oswego County,New York,45060,"Syracuse, NY",Metropolitan Statistical Area,,,532,"Syracuse-Auburn, NY",Outlying
36077,36,Otsego County,New York,36580,"Oneonta, NY",Micropolitan Statistical Area,,,,,Central
36079,36,Putnam County,New York,35620,"New York-Newark-Jersey City, NY-NJ",Metropolitan Statistical Area,35614,"New York-Jersey City-White Plains, NY-NJ",408,"New York-Newark, NY-NJ-CT-PA",Central
36081,36,Queens County,New York,35620,"New York-Newark-Jersey City, NY-NJ",Metropolitan Statistical Area,35614,"New York-Jersey City-White Plains, NY-NJ",408,"New York-Newark, NY-NJ-CT-PA",Central
36083,36,Rensselaer County,New York,10580,"Albany-Schenectady-Troy, NY",Metropolitan Statistical Area,,,104,"Albany-Schenectady, NY",Central
36085,36,Richmond County,New York,35620,"New York-Newark-Jersey City, NY-NJ",Metropolitan Statistical Area,35614,"New York-Jersey City-White Plains, NY-NJ",408,"New York-Newark, NY-NJ-CT-PA",Central
36087,36,Rockland County,New York,35620,"New York-Newark-Jersey City, NY-NJ",Metropolitan Statistical Area,35614,"New York-Jersey City-White Plains, NY-NJ",408,"New York-Newark, NY-NJ-CT-PA",Central
36089,36,St. Lawrence County,New York,32390,"Massena-Ogdensburg, NY",Micropolitan Statistical Area,,,,,Central
36091,36,Saratoga County,New York,10580,"Albany-Schenectady-Troy, NY",Metropolitan Statistical Area,,,104,"Albany-Schenectady, NY",Outlying
36093,36,Schenectady County,New York,10580,"Albany-Schenectady-Troy, NY",Metropolitan Statistical Area,,,104,"Albany-Schenectady, NY",Central
36095,36,Schoharie County,New York,10580,"Albany-Schenectady-Troy, NY",Metropolitan Statistical Area,,,104,"Albany-Schenectady, NY",Outlying
36099,36,Seneca County,New York,42900,"Seneca Falls, NY",Micropolitan Statistical Area,,,464,"Rochester-Batavia-Seneca Falls, NY",Central
36101,36,Steuben County,New York,18500,"Corning, NY",Micropolitan Statistical Area,,,236,"Elmira-Corning, NY",Central
36103,36,Suffolk County,New York,35620,"New York-Newark-Jersey City, NY-NJ",Metropolitan Statistical Area,35004,"Nassau County-Suffolk County, NY",408,"New York-Newark, NY-NJ-CT-PA",Central
36105,36,Sullivan County,New York,33910,"Monticello, NY",Micropolitan Statistical Area,,,408,"New York-Newark, NY-NJ-CT-PA",Central
36107,36,Tioga County,New York,13780,"Binghamton, NY",Metropolitan Statistical Area,,,,,Central
36109,36,Tompkins County,New York,27060,"Ithaca, NY",Metropolitan Statistical Area,,,296,"Ithaca-Cortland, NY",Central
36111,36,Ulster County,New York,28740,"Kingston, NY",Metropolitan Statistical Area,,,408,"New York-Newark, NY-NJ-CT-PA",Central
36113,36,Warren County,New York,24020,"Glens Falls, NY",Metropolitan Statistical Area,,,104,"Albany-Schenectady, NY",Central
36115,36,Washington County,New York,24020,"Glens Falls, NY",Metropolitan Statistical Area,,,104,"Albany-Schenectady, NY",Central
36117,36,Wayne County,New York,40380,"Rochester, NY",Metropolitan Statistical Area,,,464,"Rochester-Batavia-Seneca Falls, NY",Outlying
36119,36,Westchester County,New York,35620,"New York-Newark-Jersey City, NY-NJ",Metropolitan Statistical Area,35614,"New York-Jersey City-White Plains, NY-NJ",408,"New York-Newark, NY-NJ-CT-PA",Central
37001,37,Alamance County,North Carolina,15500,"Burlington, NC",Metropolitan Statistical Area,,,268,"Greensboro--Winston-Salem--High Point, NC",Central
37003,37,Alexander County,North Carolina,25860,"Hickory-Lenoir-Morganton, NC",Metropolitan Statistical Area,,,172,"Charlotte-Concord, NC-SC",Outlying
37007,37,Anson County,North Carolina,16740,"Charlotte-Concord-Gastonia, NC-SC",Metropolitan Statistical Area,,,172,"Charlotte-Concord, NC-SC",Outlying
37013,37,Beaufort County,North Carolina,47820,"Washington, NC",Micropolitan Statistical Area,,,274,"Greenville-Washington, NC",Central
37019,37,Brunswick County,North Carolina,48900,"Wilmington, NC",Metropolitan Statistical Area,,,,,Central
37021,37,Buncombe County,North Carolina,11700,"Asheville, NC",Metropolitan Statistical Area,,,120,"Asheville-Waynesville-Brevard, NC",Central
37023,37,Burke County,North Carolina,25860,"Hickory-Lenoir-Morganton, NC",Metropolitan Statistical Area,,,172,"Charlotte-Concord, NC-SC",Central
37025,37,Cabarrus County,North Carolina,16740,"Charlotte-Concord-Gastonia, NC-SC",Metropolitan Statistical Area,,,172,"Charlotte-Concord, NC-SC",Outlying
37027,37,Caldwell County,North Carolina,25860,"Hickory-Lenoir-Morganton, NC",Metropolitan Statistical Area,,,172,"Charlotte-Concord, NC-SC",Central
37029,37,Camden County,North Carolina,47260,"Virginia Beach-Chesapeake-Norfolk, VA-NC",Metropolitan Statistical Area,,,545,"Virginia Beach-Chesapeake, VA-NC",Outlying
37031,37,Carteret County,North Carolina,33980,"Morehead City, NC",Micropolitan Statistical Area,,,404,"New Bern-Morehead City, NC",Central
37035,37,Catawba County,North Carolina,25860,"Hickory-Lenoir-Morganton, NC",Metropolitan Statistical Area,,,172,"Charlotte-Concord, NC-SC",Central
37037,37,Chatham County,North Carolina,20500,"Durham-Chapel Hill, NC",Metropolitan Statistical Area,,,450,"Raleigh-Durham-Cary, NC",Central
37045,37,Cleveland County,North Carolina,43140,"Shelby-Kings Mountain, NC",Micropolitan Statistical Area,,,172,"Charlotte-Concord, NC-SC",Central
37049,37,Craven County,North Carolina,35100,"New Bern, NC",Micropolitan Statistical Area,,,404,"New Bern-Morehead City, NC",Central
37051,37,Cumberland County,North Carolina,22180,"Fayetteville, NC",Metropolitan Statistical Area,,,246,"Fayetteville-Lumberton-Pinehurst, NC",Central
37053,37,Currituck County,North Carolina,47260,"Virginia Beach-Chesapeake-Norfolk, VA-NC",Metropolitan Statistical Area,,,545,"Virginia Beach-Chesapeake, VA-NC",Outlying
37055,37,Dare County,North Carolina,28620,"Kill Devil Hills, NC",Micropolitan Statistical Area,,,545,"Virginia Beach-Chesapeake, VA-NC",Central
37057,37,Davidson County,North Carolina,49180,"Winston-Salem, NC",Metropolitan Statistical Area,,,268,"Greensboro--Winston-Salem--High Point, NC",Central
37059,37,Davie County,North Carolina,49180,"Winston-Salem, NC",Metropolitan Statistical Area,,,268,"Greensboro--Winston-Salem--High Point, NC",Central
37063,37,Durham County,North Carolina,20500,"Durham-Chapel Hill, NC",Metropolitan Statistical Area,,,450,"Raleigh-Durham-Cary, NC",Central
37065,37,Edgecombe County,North Carolina,40580,"Rocky Mount, NC",Metropolitan Statistical Area,,,468,"Rocky Mount-Wilson-Roanoke Rapids, NC",Central
37067,37,Forsyth County,North Carolina,49180,"Winston-Salem, NC",Metropolitan Statistical Area,,,268,"Greensboro--Winston-Salem--High Point, NC",Central
37069,37,Franklin County,North Carolina,39580,"Raleigh-Cary, NC",Metropolitan Statistical Area,,,450,"Raleigh-Durham-Cary, NC",Central
37071,37,Gaston County,North Carolina,16740,"Charlotte-Concord-Gastonia, NC-SC",Metropolitan Statistical Area,,,172,"Charlotte-Concord, NC-SC",Outlying
37073,37,Gates County,North Carolina,47260,"Virginia Beach-Chesapeake-Norfolk, VA-NC",Metropolitan Statistical Area,,,545,"Virginia Beach-Chesapeake, VA-NC",Outlying
37081,37,Guilford County,North Carolina,24660,"Greensboro-High Point, NC",Metropolitan Statistical Area,,,268,"Greensboro--Winston-Salem--High Point, NC",Central
37083,37,Halifax County,North Carolina,40260,"Roanoke Rapids, NC",Micropolitan Statistical Area,,,468,"Rocky Mount-Wilson-Roanoke Rapids, NC",Central
37085,37,Harnett County,North Carolina,11360,"Anderson Creek, NC",Micropolitan Statistical Area,,,450,"Raleigh-Durham-Cary, NC",Central
37087,37,Haywood County,North Carolina,48200,"Waynesville, NC",Micropolitan Statistical Area,,,120,"Asheville-Waynesville-Brevard, NC",Central
37089,37,Henderson County,North Carolina,11700,"Asheville, NC",Metropolitan Statistical Area,,,120,"Asheville-Waynesville-Brevard, NC",Central
37093,37,Hoke County,North Carolina,22180,"Fayetteville, NC",Metropolitan Statistical Area,,,246,"Fayetteville-Lumberton-Pinehurst, NC",Central
37097,37,Iredell County,North Carolina,16740,"Charlotte-Concord-Gastonia, NC-SC",Metropolitan Statistical Area,,,172,"Charlotte-Concord, NC-SC",Central
37101,37,Johnston County,North Carolina,39580,"Raleigh-Cary, NC",Metropolitan Statistical Area,,,450,"Raleigh-Durham-Cary, NC",Outlying
37103,37,Jones County,North Carolina,35100,"New Bern, NC",Micropolitan Statistical Area,,,404,"New Bern-Morehead City, NC",Outlying
37105,37,Lee County,North Carolina,41820,"Sanford, NC",Micropolitan Statistical Area,,,450,"Raleigh-Durham-Cary, NC",Central
37107,37,Lenoir County,North Carolina,28820,"Kinston, NC",Micropolitan Statistical Area,,,,,Central
37109,37,Lincoln County,North Carolina,16740,"Charlotte-Concord-Gastonia, NC-SC",Metropolitan Statistical Area,,,172,"Charlotte-Concord, NC-SC",Outlying
37111,37,McDowell County,North Carolina,32000,"Marion, NC",Micropolitan Statistical Area,,,172,"Charlotte-Concord, NC-SC",Central
37115,37,Madison County,North Carolina,11700,"Asheville, NC",Metropolitan Statistical Area,,,120,"Asheville-Waynesville-Brevard, NC",Outlying
37119,37,Mecklenburg County,North Carolina,16740,"Charlotte-Concord-Gastonia, NC-SC",Metropolitan Statistical Area,,,172,"Charlotte-Concord, NC-SC",Central
37125,37,Moore County,North Carolina,38240,"Pinehurst-Southern Pines, NC",Metropolitan Statistical Area,,,246,"Fayetteville-Lumberton-Pinehurst, NC",Central
37127,37,Nash County,North Carolina,40580,"Rocky Mount, NC",Metropolitan Statistical Area,,,468,"Rocky Mount-Wilson-Roanoke Rapids, NC",Central
37129,37,New Hanover County,North Carolina,48900,"Wilmington, NC",Metropolitan Statistical Area,,,,,Central
37131,37,Northampton County,North Carolina,40260,"Roanoke Rapids, NC",Micropolitan Statistical Area,,,468,"Rocky Mount-Wilson-Roanoke Rapids, NC",Outlying
37133,37,Onslow County,North Carolina,27340,"Jacksonville, NC",Metropolitan Statistical Area,,,,,Central
37135,37,Orange County,North Carolina,20500,"Durham-Chapel Hill, NC",Metropolitan Statistical Area,,,450,"Raleigh-Durham-Cary, NC",Central
37137,37,Pamlico County,North Carolina,35100,"New Bern, NC",Micropolitan Statistical Area,,,404,"New Bern-Morehead City, NC",Outlying
37139,37,Pasquotank County,North Carolina,21020,"Elizabeth City, NC",Micropolitan Statistical Area,,,545,"Virginia Beach-Chesapeake, VA-NC",Central
37141,37,Pender County,North Carolina,48900,"Wilmington, NC",Metropolitan Statistical Area,,,,,Outlying
37145,37,Person County,North Carolina,20500,"Durham-Chapel Hill, NC",Metropolitan Statistical Area,,,450,"Raleigh-Durham-Cary, NC",Outlying
37147,37,Pitt County,North Carolina,24780,"Greenville, NC",Metropolitan Statistical Area,,,274,"Greenville-Washington, NC",Central
37151,37,Randolph County,North Carolina,24660,"Greensboro-High Point, NC",Metropolitan Statistical Area,,,268,"Greensboro--Winston-Salem--High Point, NC",Outlying
37153,37,Richmond County,North Carolina,40460,"Rockingham, NC",Micropolitan Statistical Area,,,246,"Fayetteville-Lumberton-Pinehurst, NC",Central
37155,37,Robeson County,North Carolina,31300,"Lumberton, NC",Micropolitan Statistical Area,,,246,"Fayetteville-Lumberton-Pinehurst, NC",Central
37157,37,Rockingham County,North Carolina,24660,"Greensboro-High Point, NC",Metropolitan Statistical Area,,,268,"Greensboro--Winston-Salem--High Point, NC",Outlying
37159,37,Rowan County,North Carolina,16740,"Charlotte-Concord-Gastonia, NC-SC",Metropolitan Statistical Area,,,172,"Charlotte-Concord, NC-SC",Outlying
37161,37,Rutherford County,North Carolina,22580,"Forest City, NC",Micropolitan Statistical Area,,,,,Central
37165,37,Scotland County,North Carolina,29900,"Laurinburg, NC",Micropolitan Statistical Area,,,246,"Fayetteville-Lumberton-Pinehurst, NC",Central
37167,37,Stanly County,North Carolina,10620,"Albemarle, NC",Micropolitan Statistical Area,,,172,"Charlotte-Concord, NC-SC",Central
37169,37,Stokes County,North Carolina,49180,"Winston-Salem, NC",Metropolitan Statistical Area,,,268,"Greensboro--Winston-Salem--High Point, NC",Central
37171,37,Surry County,North Carolina,34340,"Mount Airy, NC",Micropolitan Statistical Area,,,268,"Greensboro--Winston-Salem--High Point, NC",Central
37175,37,Transylvania County,North Carolina,14820,"Brevard, NC",Micropolitan Statistical Area,,,120,"Asheville-Waynesville-Brevard, NC",Central
37179,37,Union County,North Carolina,16740,"Charlotte-Concord-Gastonia, NC-SC",Metropolitan Statistical Area,,,172,"Charlotte-Concord, NC-SC",Central
37181,37,Vance County,North Carolina,25780,"Henderson, NC",Micropolitan Statistical Area,,,450,"Raleigh-Durham-Cary, NC",Central
37183,37,Wake County,North Carolina,39580,"Raleigh-Cary, NC",Metropolitan Statistical Area,,,450,"Raleigh-Durham-Cary, NC",Central
37189,37,Watauga County,North Carolina,14380,"Boone, NC",Micropolitan Statistical Area,,,,,Central
37191,37,Wayne County,North Carolina,24140,"Goldsboro, NC",Metropolitan Statistical Area,,,,,Central
37193,37,Wilkes County,North Carolina,35900,"North Wilkesboro, NC",Micropolitan Statistical Area,,,,,Central
37195,37,Wilson County,North Carolina,48980,"Wilson, NC",Micropolitan Statistical Area,,,468,"Rocky Mount-Wilson-Roanoke Rapids, NC",Central
37197,37,Yadkin County,North Carolina,49180,"Winston-Salem, NC",Metropolitan Statistical Area,,,268,"Greensboro--Winston-Salem--High Point, NC",Outlying
38007,38,Billings County,North Dakota,19860,"Dickinson, ND",Micropolitan Statistical Area,,,,,Outlying
38015,38,Burleigh County,North Dakota,13900,"Bismarck, ND",Metropolitan Statistical Area,,,,,Central
38017,38,Cass County,North Dakota,22020,"Fargo, ND-MN",Metropolitan Statistical Area,,,244,"Fargo-Wahpeton, ND-MN",Central
38025,38,Dunn County,North Dakota,19860,"Dickinson, ND",Micropolitan Statistical Area,,,,,Outlying
38035,38,Grand Forks County,North Dakota,24220,"Grand Forks, ND-MN",Metropolitan Statistical Area,,,,,Central
38049,38,McHenry County,North Dakota,33500,"Minot, ND",Metropolitan Statistical Area,,,,,Outlying
38059,38,Morton County,North Dakota,13900,"Bismarck, ND",Metropolitan Statistical Area,,,,,Central
38065,38,Oliver County,North Dakota,13900,"Bismarck, ND",Metropolitan Statistical Area,,,,,Outlying
38075,38,Renville County,North Dakota,33500,"Minot, ND",Metropolitan Statistical Area,,,,,Outlying
38077,38,Richland County,North Dakota,47420,"Wahpeton, ND-MN",Micropolitan Statistical Area,,,244,"Fargo-Wahpeton, ND-MN",Central
38089,38,Stark County,North Dakota,19860,"Dickinson, ND",Micropolitan Statistical Area,,,,,Central
38093,38,Stutsman County,North Dakota,27420,"Jamestown, ND",Micropolitan Statistical Area,,,,,Central
38101,38,Ward County,North Dakota,33500,"Minot, ND",Metropolitan Statistical Area,,,,,Central
38105,38,Williams County,North Dakota,48780,"Williston, ND",Micropolitan Statistical Area,,,,,Central
39003,39,Allen County,Ohio,30620,"Lima, OH",Metropolitan Statistical Area,,,338,"Lima-Van Wert-Celina, OH",Central
39005,39,Ashland County,Ohio,11740,"Ashland, OH",Micropolitan Statistical Area,,,360,"Mansfield-Ashland-Bucyrus, OH",Central
39007,39,Ashtabula County,Ohio,17410,"Cleveland, OH",Metropolitan Statistical Area,,,184,"Cleveland-Akron-Canton, OH",Outlying
39009,39,Athens County,Ohio,11900,"Athens, OH",Micropolitan Statistical Area,,,198,"Columbus-Marion-Zanesville, OH",Central
39011,39,Auglaize County,Ohio,47540,"Wapakoneta, OH",Micropolitan Statistical Area,,,338,"Lima-Van Wert-Celina, OH",Central
39013,39,Belmont County,Ohio,48540,"Wheeling, WV-OH",Metropolitan Statistical Area,,,,,Central
39015,39,Brown County,Ohio,17140,"Cincinnati, OH-KY-IN",Metropolitan Statistical Area,,,178,"Cincinnati-Wilmington, OH-KY-IN",Outlying
39017,39,Butler County,Ohio,17140,"Cincinnati, OH-KY-IN",Metropolitan Statistical Area,,,178,"Cincinnati-Wilmington, OH-KY-IN",Central
39019,39,Carroll County,Ohio,15940,"Canton-Massillon, OH",Metropolitan Statistical Area,,,184,"Cleveland-Akron-Canton, OH",Outlying
39021,39,Champaign County,Ohio,46500,"Urbana, OH",Micropolitan Statistical Area,,,212,"Dayton-Springfield-Kettering, OH",Central
39023,39,Clark County,Ohio,44220,"Springfield, OH",Metropolitan Statistical Area,,,212,"Dayton-Springfield-Kettering, OH",Central
39025,39,Clermont County,Ohio,17140,"Cincinnati, OH-KY-IN",Metropolitan Statistical Area,,,178,"Cincinnati-Wilmington, OH-KY-IN",Central
39027,39,Clinton County,Ohio,48940,"Wilmington, OH",Micropolitan Statistical Area,,,178,"Cincinnati-Wilmington, OH-KY-IN",Central
39029,39,Columbiana County,Ohio,41400,"Salem, OH",Micropolitan Statistical Area,,,566,"Youngstown-Warren-Salem, OH",Central
39031,39,Coshocton County,Ohio,18740,"Coshocton, OH",Micropolitan Statistical Area,,,184,"Cleveland-Akron-Canton, OH",Central
39033,39,Crawford County,Ohio,15340,"Bucyrus, OH",Micropolitan Statistical Area,,,360,"Mansfield-Ashland-Bucyrus, OH",Central
39035,39,Cuyahoga County,Ohio,17410,"Cleveland, OH",Metropolitan Statistical Area,,,184,"Cleveland-Akron-Canton, OH",Central
39037,39,Darke County,Ohio,24820,"Greenville, OH",Micropolitan Statistical Area,,,212,"Dayton-Springfield-Kettering, OH",Central
39039,39,Defiance County,Ohio,19580,"Defiance, OH",Micropolitan Statistical Area,,,,,Central
39041,39,Delaware County,Ohio,18140,"Columbus, OH",Metropolitan Statistical Area,,,198,"Columbus-Marion-Zanesville, OH",Central
39043,39,Erie County,Ohio,41780,"Sandusky, OH",Metropolitan Statistical Area,,,184,"Cleveland-Akron-Canton, OH",Central
39045,39,Fairfield County,Ohio,18140,"Columbus, OH",Metropolitan Statistical Area,,,198,"Columbus-Marion-Zanesville, OH",Central
39047,39,Fayette County,Ohio,47920,"Washington Court House, OH",Micropolitan Statistical Area,,,198,"Columbus-Marion-Zanesville, OH",Central
39049,39,Franklin County,Ohio,18140,"Columbus, OH",Metropolitan Statistical Area,,,198,"Columbus-Marion-Zanesville, OH",Central
39051,39,Fulton County,Ohio,45780,"Toledo, OH",Metropolitan Statistical Area,,,,,Outlying
39053,39,Gallia County,Ohio,23680,"Gallipolis, OH",Micropolitan Statistical Area,,,,,Central
39055,39,Geauga County,Ohio,17410,"Cleveland, OH",Metropolitan Statistical Area,,,184,"Cleveland-Akron-Canton, OH",Central
39057,39,Greene County,Ohio,19430,"Dayton-Kettering-Beavercreek, OH",Metropolitan Statistical Area,,,212,"Dayton-Springfield-Kettering, OH",Central
39059,39,Guernsey County,Ohio,15740,"Cambridge, OH",Micropolitan Statistical Area,,,198,"Columbus-Marion-Zanesville, OH",Central
39061,39,Hamilton County,Ohio,17140,"Cincinnati, OH-KY-IN",Metropolitan Statistical Area,,,178,"Cincinnati-Wilmington, OH-KY-IN",Central
39063,39,Hancock County,Ohio,22300,"Findlay, OH",Micropolitan Statistical Area,,,248,"Findlay-Tiffin, OH",Central
39073,39,Hocking County,Ohio,18140,"Columbus, OH",Metropolitan Statistical Area,,,198,"Columbus-Marion-Zanesville, OH",Outlying
39077,39,Huron County,Ohio,35940,"Norwalk, OH",Micropolitan Statistical Area,,,184,"Cleveland-Akron-Canton, OH",Central
39081,39,Jefferson County,Ohio,48260,"Weirton-Steubenville, WV-OH",Metropolitan Statistical Area,,,430,"Pittsburgh-Weirton-Steubenville, PA-OH-WV",Central
39083,39,Knox County,Ohio,34540,"Mount Vernon, OH",Micropolitan Statistical Area,,,198,"Columbus-Marion-Zanesville, OH",Central
39085,39,Lake County,Ohio,17410,"Cleveland, OH",Metropolitan Statistical Area,,,184,"Cleveland-Akron-Canton, OH",Central
39087,39,Lawrence County,Ohio,26580,"Huntington-Ashland, WV-KY-OH",Metropolitan Statistical Area,,,170,"Charleston-Huntington-Ashland, WV-OH-KY",Central
39089,39,Licking County,Ohio,18140,"Columbus, OH",Metropolitan Statistical Area,,,198,"Columbus-Marion-Zanesville, OH",Outlying
39091,39,Logan County,Ohio,13340,"Bellefontaine, OH",Micropolitan Statistical Area,,,198,"Columbus-Marion-Zanesville, OH",Central
39093,39,Lorain County,Ohio,17410,"Cleveland, OH",Metropolitan Statistical Area,,,184,"Cleveland-Akron-Canton, OH",Outlying
39095,39,Lucas County,Ohio,45780,"Toledo, OH",Metropolitan Statistical Area,,,,,Central
39097,39,Madison County,Ohio,18140,"Columbus, OH",Metropolitan Statistical Area,,,198,"Columbus-Marion-Zanesville, OH",Outlying
39099,39,Mahoning County,Ohio,49660,"Youngstown-Warren, OH",Metropolitan Statistical Area,,,566,"Youngstown-Warren-Salem, OH",Central
39101,39,Marion County,Ohio,32020,"Marion, OH",Micropolitan Statistical Area,,,198,"Columbus-Marion-Zanesville, OH",Central
39103,39,Medina County,Ohio,17410,"Cleveland, OH",Metropolitan Statistical Area,,,184,"Cleveland-Akron-Canton, OH",Central
39107,39,Mercer County,Ohio,16380,"Celina, OH",Micropolitan Statistical Area,,,338,"Lima-Van Wert-Celina, OH",Central
39109,39,Miami County,Ohio,19430,"Dayton-Kettering-Beavercreek, OH",Metropolitan Statistical Area,,,212,"Dayton-Springfield-Kettering, OH",Outlying
39113,39,Montgomery County,Ohio,19430,"Dayton-Kettering-Beavercreek, OH",Metropolitan Statistical Area,,,212,"Dayton-Springfield-Kettering, OH",Central
39117,39,Morrow County,Ohio,18140,"Columbus, OH",Metropolitan Statistical Area,,,198,"Columbus-Marion-Zanesville, OH",Outlying
39119,39,Muskingum County,Ohio,49780,"Zanesville, OH",Micropolitan Statistical Area,,,198,"Columbus-Marion-Zanesville, OH",Central
39123,39,Ottawa County,Ohio,41780,"Sandusky, OH",Metropolitan Statistical Area,,,184,"Cleveland-Akron-Canton, OH",Central
39127,39,Perry County,Ohio,18140,"Columbus, OH",Metropolitan Statistical Area,,,198,"Columbus-Marion-Zanesville, OH",Outlying
39129,39,Pickaway County,Ohio,18140,"Columbus, OH",Metropolitan Statistical Area,,,198,"Columbus-Marion-Zanesville, OH",Outlying
39133,39,Portage County,Ohio,10420,"Akron, OH",Metropolitan Statistical Area,,,184,"Cleveland-Akron-Canton, OH",Central
39139,39,Richland County,Ohio,31900,"Mansfield, OH",Metropolitan Statistical Area,,,360,"Mansfield-Ashland-Bucyrus, OH",Central
39141,39,Ross County,Ohio,17060,"Chillicothe, OH",Micropolitan Statistical Area,,,198,"Columbus-Marion-Zanesville, OH",Central
39143,39,Sandusky County,Ohio,23380,"Fremont, OH",Micropolitan Statistical Area,,,184,"Cleveland-Akron-Canton, OH",Central
39145,39,Scioto County,Ohio,39020,"Portsmouth, OH",Micropolitan Statistical Area,,,170,"Charleston-Huntington-Ashland, WV-OH-KY",Central
39147,39,Seneca County,Ohio,45660,"Tiffin, OH",Micropolitan Statistical Area,,,248,"Findlay-Tiffin, OH",Central
39149,39,Shelby County,Ohio,43380,"Sidney, OH",Micropolitan Statistical Area,,,212,"Dayton-Springfield-Kettering, OH",Central
39151,39,Stark County,Ohio,15940,"Canton-Massillon, OH",Metropolitan Statistical Area,,,184,"Cleveland-Akron-Canton, OH",Central
39153,39,Summit County,Ohio,10420,"Akron, OH",Metropolitan Statistical Area,,,184,"Cleveland-Akron-Canton, OH",Central
39155,39,Trumbull County,Ohio,49660,"Youngstown-Warren, OH",Metropolitan Statistical Area,,,566,"Youngstown-Warren-Salem, OH",Central
39157,39,Tuscarawas County,Ohio,35420,"New Philadelphia-Dover, OH",Micropolitan Statistical Area,,,184,"Cleveland-Akron-Canton, OH",Central
39159,39,Union County,Ohio,18140,"Columbus, OH",Metropolitan Statistical Area,,,198,"Columbus-Marion-Zanesville, OH",Outlying
39161,39,Van Wert County,Ohio,46780,"Van Wert, OH",Micropolitan Statistical Area,,,338,"Lima-Van Wert-Celina, OH",Central
39165,39,Warren County,Ohio,17140,"Cincinnati, OH-KY-IN",Metropolitan Statistical Area,,,178,"Cincinnati-Wilmington, OH-KY-IN",Central
39167,39,Washington County,Ohio,31930,"Marietta, OH",Micropolitan Statistical Area,,,425,"Parkersburg-Marietta-Vienna, WV-OH",Central
39169,39,Wayne County,Ohio,49300,"Wooster, OH",Micropolitan Statistical Area,,,184,"Cleveland-Akron-Canton, OH",Central
39173,39,Wood County,Ohio,45780,"Toledo, OH",Metropolitan Statistical Area,,,,,Central
40009,40,Beckham County,Oklahoma,21120,"Elk City, OK",Micropolitan Statistical Area,,,555,"Weatherford-Elk City, OK",Central
40013,40,Bryan County,Oklahoma,20460,"Durant, OK",Micropolitan Statistical Area,,,206,"Dallas-Fort Worth, TX-OK",Central
40017,40,Canadian County,Oklahoma,36420,"Oklahoma City, OK",Metropolitan Statistical Area,,,416,"Oklahoma City-Shawnee, OK",Central
40019,40,Carter County,Oklahoma,11620,"Ardmore, OK",Micropolitan Statistical Area,,,,,Central
40021,40,Cherokee County,Oklahoma,45140,"Tahlequah, OK",Micropolitan Statistical Area,,,,,Central
40027,40,Cleveland County,Oklahoma,36420,"Oklahoma City, OK",Metropolitan Statistical Area,,,416,"Oklahoma City-Shawnee, OK",Central
40031,40,Comanche County,Oklahoma,30020,"Lawton, OK",Metropolitan Statistical Area,,,334,"Lawton-Duncan, OK",Central
40033,40,Cotton County,Oklahoma,30020,"Lawton, OK",Metropolitan Statistical Area,,,334,"Lawton-Duncan, OK",Outlying
40037,40,Creek County,Oklahoma,46140,"Tulsa, OK",Metropolitan Statistical Area,,,538,"Tulsa-Bartlesville-Muskogee, OK",Central
40039,40,Custer County,Oklahoma,48220,"Weatherford, OK",Micropolitan Statistical Area,,,555,"Weatherford-Elk City, OK",Central
40047,40,Garfield County,Oklahoma,21420,"Enid, OK",Metropolitan Statistical Area,,,,,Central
40051,40,Grady County,Oklahoma,36420,"Oklahoma City, OK",Metropolitan Statistical Area,,,416,"Oklahoma City-Shawnee, OK",Outlying
40065,40,Jackson County,Oklahoma,11060,"Altus, OK",Micropolitan Statistical Area,,,,,Central
40071,40,Kay County,Oklahoma,38620,"Ponca City, OK",Micropolitan Statistical Area,,,,,Central
40081,40,Lincoln County,Oklahoma,36420,"Oklahoma City, OK",Metropolitan Statistical Area,,,416,"Oklahoma City-Shawnee, OK",Outlying
40083,40,Logan County,Oklahoma,36420,"Oklahoma City, OK",Metropolitan Statistical Area,,,416,"Oklahoma City-Shawnee, OK",Central
40087,40,McClain County,Oklahoma,36420,"Oklahoma City, OK",Metropolitan Statistical Area,,,416,"Oklahoma City-Shawnee, OK",Outlying
40101,40,Muskogee County,Oklahoma,34780,"Muskogee, OK",Micropolitan Statistical Area,,,538,"Tulsa-Bartlesville-Muskogee, OK",Central
40109,40,Oklahoma County,Oklahoma,36420,"Oklahoma City, OK",Metropolitan Statistical Area,,,416,"Oklahoma City-Shawnee, OK",Central
40111,40,Okmulgee County,Oklahoma,46140,"Tulsa, OK",Metropolitan Statistical Area,,,538,"Tulsa-Bartlesville-Muskogee, OK",Outlying
40113,40,Osage County,Oklahoma,46140,"Tulsa, OK",Metropolitan Statistical Area,,,538,"Tulsa-Bartlesville-Muskogee, OK",Central
40115,40,Ottawa County,Oklahoma,33060,"Miami, OK",Micropolitan Statistical Area,,,309,"Joplin-Miami, MO-OK-KS",Central
40117,40,Pawnee County,Oklahoma,46140,"Tulsa, OK",Metropolitan Statistical Area,,,538,"Tulsa-Bartlesville-Muskogee, OK",Outlying
40119,40,Payne County,Oklahoma,44660,"Stillwater, OK",Micropolitan Statistical Area,,,,,Central
40121,40,Pittsburg County,Oklahoma,32540,"McAlester, OK",Micropolitan Statistical Area,,,,,Central
40123,40,Pontotoc County,Oklahoma,10220,"Ada, OK",Micropolitan Statistical Area,,,,,Central
40125,40,Pottawatomie County,Oklahoma,43060,"Shawnee, OK",Micropolitan Statistical Area,,,416,"Oklahoma City-Shawnee, OK",Central
40131,40,Rogers County,Oklahoma,46140,"Tulsa, OK",Metropolitan Statistical Area,,,538,"Tulsa-Bartlesville-Muskogee, OK",Outlying
40135,40,Sequoyah County,Oklahoma,22900,"Fort Smith, AR-OK",Metropolitan Statistical Area,,,,,Outlying
40137,40,Stephens County,Oklahoma,20340,"Duncan, OK",Micropolitan Statistical Area,,,334,"Lawton-Duncan, OK",Central
40139,40,Texas County,Oklahoma,25100,"Guymon, OK",Micropolitan Statistical Area,,,,,Central
40143,40,Tulsa County,Oklahoma,46140,"Tulsa, OK",Metropolitan Statistical Area,,,538,"Tulsa-Bartlesville-Muskogee, OK",Central
40145,40,Wagoner County,Oklahoma,46140,"Tulsa, OK",Metropolitan Statistical Area,,,538,"Tulsa-Bartlesville-Muskogee, OK",Central
40147,40,Washington County,Oklahoma,12780,"Bartlesville, OK",Micropolitan Statistical Area,,,538,"Tulsa-Bartlesville-Muskogee, OK",Central
40149,40,Washita County,Oklahoma,48220,"Weatherford, OK",Micropolitan Statistical Area,,,555,"Weatherford-Elk City, OK",Outlying
40153,40,Woodward County,Oklahoma,49260,"Woodward, OK",Micropolitan Statistical Area,,,,,Central
41001,41,Baker County,Oregon,12520,"Baker City, OR",Micropolitan Statistical Area,,,,,Central
41003,41,Benton County,Oregon,18700,"Corvallis, OR",Metropolitan Statistical Area,,,440,"Portland-Vancouver-Salem, OR-WA",Central
41005,41,Clackamas County,Oregon,38900,"Portland-Vancouver-Hillsboro, OR-WA",Metropolitan Statistical Area,,,440,"Portland-Vancouver-Salem, OR-WA",Central
41007,41,Clatsop County,Oregon,11820,"Astoria, OR",Micropolitan Statistical Area,,,,,Central
41009,41,Columbia County,Oregon,38900,"Portland-Vancouver-Hillsboro, OR-WA",Metropolitan Statistical Area,,,440,"Portland-Vancouver-Salem, OR-WA",Outlying
41011,41,Coos County,Oregon,18300,"Coos Bay-North Bend, OR",Micropolitan Statistical Area,,,,,Central
41013,41,Crook County,Oregon,13460,"Bend, OR",Metropolitan Statistical Area,,,,,Outlying
41015,41,Curry County,Oregon,15060,"Brookings, OR",Micropolitan Statistical Area,,,152,"Brookings-Crescent City, OR-CA",Central
41017,41,Deschutes County,Oregon,13460,"Bend, OR",Metropolitan Statistical Area,,,,,Central
41019,41,Douglas County,Oregon,40700,"Roseburg, OR",Micropolitan Statistical Area,,,,,Central
41027,41,Hood River County,Oregon,26220,"Hood River, OR",Micropolitan Statistical Area,,,,,Central
41029,41,Jackson County,Oregon,32780,"Medford, OR",Metropolitan Statistical Area,,,366,"Medford-Grants Pass, OR",Central
41031,41,Jefferson County,Oregon,13460,"Bend, OR",Metropolitan Statistical Area,,,,,Outlying
41033,41,Josephine County,Oregon,24420,"Grants Pass, OR",Metropolitan Statistical Area,,,366,"Medford-Grants Pass, OR",Central
41035,41,Klamath County,Oregon,28900,"Klamath Falls, OR",Micropolitan Statistical Area,,,,,Central
41039,41,Lane County,Oregon,21660,"Eugene-Springfield, OR",Metropolitan Statistical Area,,,,,Central
41041,41,Lincoln County,Oregon,35440,"Newport, OR",Micropolitan Statistical Area,,,,,Central
41043,41,Linn County,Oregon,10540,"Albany, OR",Metropolitan Statistical Area,,,440,"Portland-Vancouver-Salem, OR-WA",Central
41045,41,Malheur County,Oregon,36620,"Ontario, OR-ID",Micropolitan Statistical Area,,,147,"Boise City-Mountain Home-Ontario, ID-OR",Central
41047,41,Marion County,Oregon,41420,"Salem, OR",Metropolitan Statistical Area,,,440,"Portland-Vancouver-Salem, OR-WA",Central
41049,41,Morrow County,Oregon,25840,"Hermiston-Pendleton, OR",Micropolitan Statistical Area,,,,,Outlying
41051,41,Multnomah County,Oregon,38900,"Portland-Vancouver-Hillsboro, OR-WA",Metropolitan Statistical Area,,,440,"Portland-Vancouver-Salem, OR-WA",Central
41053,41,Polk County,Oregon,41420,"Salem, OR",Metropolitan Statistical Area,,,440,"Portland-Vancouver-Salem, OR-WA",Central
41059,41,Umatilla County,Oregon,25840,"Hermiston-Pendleton, OR",Micropolitan Statistical Area,,,,,Central
41061,41,Union County,Oregon,29260,"La Grande, OR",Micropolitan Statistical Area,,,,,Central
41065,41,Wasco County,Oregon,45520,"The Dalles, OR",Micropolitan Statistical Area,,,,,Central
41067,41,Washington County,Oregon,38900,"Portland-Vancouver-Hillsboro, OR-WA",Metropolitan Statistical Area,,,440,"Portland-Vancouver-Salem, OR-WA",Central
41071,41,Yamhill County,Oregon,38900,"Portland-Vancouver-Hillsboro, OR-WA",Metropolitan Statistical Area,,,440,"Portland-Vancouver-Salem, OR-WA",Outlying
42001,42,Adams County,Pennsylvania,23900,"Gettysburg, PA",Metropolitan Statistical Area,,,276,"Harrisburg-York-Lebanon, PA",Central
42003,42,Allegheny County,Pennsylvania,38300,"Pittsburgh, PA",Metropolitan Statistical Area,,,430,"Pittsburgh-Weirton-Steubenville, PA-OH-WV",Central
42005,42,Armstrong County,Pennsylvania,38300,"Pittsburgh, PA",Metropolitan Statistical Area,,,430,"Pittsburgh-Weirton-Steubenville, PA-OH-WV",Outlying
42007,42,Beaver County,Pennsylvania,38300,"Pittsburgh, PA",Metropolitan Statistical Area,,,430,"Pittsburgh-Weirton-Steubenville, PA-OH-WV",Central
42011,42,Berks County,Pennsylvania,39740,"Reading, PA",Metropolitan Statistical Area,,,428,"Philadelphia-Reading-Camden, PA-NJ-DE-MD",Central
42013,42,Blair County,Pennsylvania,11020,"Altoona, PA",Metropolitan Statistical Area,,,107,"Altoona-Huntingdon, PA",Central
42015,42,Bradford County,Pennsylvania,42380,"Sayre, PA",Micropolitan Statistical Area,,,,,Central
42017,42,Bucks County,Pennsylvania,37980,"Philadelphia-Camden-Wilmington, PA-NJ-DE-MD",Metropolitan Statistical Area,33874,"Montgomery County-Bucks County-Chester County, PA",428,"Philadelphia-Reading-Camden, PA-NJ-DE-MD",Central
42019,42,Butler County,Pennsylvania,38300,"Pittsburgh, PA",Metropolitan Statistical Area,,,430,"Pittsburgh-Weirton-Steubenville, PA-OH-WV",Central
42021,42,Cambria County,Pennsylvania,27780,"Johnstown, PA",Metropolitan Statistical Area,,,306,"Johnstown-Somerset, PA",Central
42025,42,Carbon County,Pennsylvania,10900,"Allentown-Bethlehem-Easton, PA-NJ",Metropolitan Statistical Area,,,106,"Allentown-Bethlehem-East Stroudsburg, PA-NJ",Outlying
42027,42,Centre County,Pennsylvania,44300,"State College, PA",Metropolitan Statistical Area,,,524,"State College-DuBois, PA",Central
42029,42,Chester County,Pennsylvania,37980,"Philadelphia-Camden-Wilmington, PA-NJ-DE-MD",Metropolitan Statistical Area,33874,"Montgomery County-Bucks County-Chester County, PA",428,"Philadelphia-Reading-Camden, PA-NJ-DE-MD",Central
42033,42,Clearfield County,Pennsylvania,20180,"DuBois, PA",Micropolitan Statistical Area,,,524,"State College-DuBois, PA",Central
42035,42,Clinton County,Pennsylvania,30820,"Lock Haven, PA",Micropolitan Statistical Area,,,558,"Williamsport-Lock Haven, PA",Central
42037,42,Columbia County,Pennsylvania,14100,"Bloomsburg-Berwick, PA",Micropolitan Statistical Area,,,146,"Bloomsburg-Berwick-Sunbury, PA",Central
42039,42,Crawford County,Pennsylvania,32740,"Meadville, PA",Micropolitan Statistical Area,,,240,"Erie-Meadville, PA",Central
42041,42,Cumberland County,Pennsylvania,25420,"Harrisburg-Carlisle, PA",Metropolitan Statistical Area,,,276,"Harrisburg-York-Lebanon, PA",Central
42043,42,Dauphin County,Pennsylvania,25420,"Harrisburg-Carlisle, PA",Metropolitan Statistical Area,,,276,"Harrisburg-York-Lebanon, PA",Central
42045,42,Delaware County,Pennsylvania,37980,"Philadelphia-Camden-Wilmington, PA-NJ-DE-MD",Metropolitan Statistical Area,37964,"Philadelphia, PA",428,"Philadelphia-Reading-Camden, PA-NJ-DE-MD",Central
42047,42,Elk County,Pennsylvania,41260,"St. Marys, PA",Micropolitan Statistical Area,,,,,Central
42049,42,Erie County,Pennsylvania,21500,"Erie, PA",Metropolitan Statistical Area,,,240,"Erie-Meadville, PA",Central
42051,42,Fayette County,Pennsylvania,38300,"Pittsburgh, PA",Metropolitan Statistical Area,,,430,"Pittsburgh-Weirton-Steubenville, PA-OH-WV",Outlying
42055,42,Franklin County,Pennsylvania,16540,"Chambersburg, PA",Metropolitan Statistical Area,,,548,"Washington-Baltimore-Arlington, DC-MD-VA-WV-PA",Central
42061,42,Huntingdon County,Pennsylvania,26500,"Huntingdon, PA",Micropolitan Statistical Area,,,107,"Altoona-Huntingdon, PA",Central
42063,42,Indiana County,Pennsylvania,26860,"Indiana, PA",Micropolitan Statistical Area,,,430,"Pittsburgh-Weirton-Steubenville, PA-OH-WV",Central
42069,42,Lackawanna County,Pennsylvania,42540,"Scranton--Wilkes-Barre, PA",Metropolitan Statistical Area,,,,,Central
42071,42,Lancaster County,Pennsylvania,29540,"Lancaster, PA",Metropolitan Statistical Area,,,,,Central
42073,42,Lawrence County,Pennsylvania,38300,"Pittsburgh, PA",Metropolitan Statistical Area,,,430,"Pittsburgh-Weirton-Steubenville, PA-OH-WV",Outlying
42075,42,Lebanon County,Pennsylvania,30140,"Lebanon, PA",Metropolitan Statistical Area,,,276,"Harrisburg-York-Lebanon, PA",Central
42077,42,Lehigh County,Pennsylvania,10900,"Allentown-Bethlehem-Easton, PA-NJ",Metropolitan Statistical Area,,,106,"Allentown-Bethlehem-East Stroudsburg, PA-NJ",Central
42079,42,Luzerne County,Pennsylvania,42540,"Scranton--Wilkes-Barre, PA",Metropolitan Statistical Area,,,,,Central
42081,42,Lycoming County,Pennsylvania,48700,"Williamsport, PA",Metropolitan Statistical Area,,,558,"Williamsport-Lock Haven, PA",Central
42083,42,McKean County,Pennsylvania,14620,"Bradford, PA",Micropolitan Statistical Area,,,,,Central
42085,42,Mercer County,Pennsylvania,25850,"Hermitage, PA",Micropolitan Statistical Area,,,430,"Pittsburgh-Weirton-Steubenville, PA-OH-WV",Central
42087,42,Mifflin County,Pennsylvania,30380,"Lewistown, PA",Micropolitan Statistical Area,,,,,Central
42089,42,Monroe County,Pennsylvania,20700,"East Stroudsburg, PA",Micropolitan Statistical Area,,,106,"Allentown-Bethlehem-East Stroudsburg, PA-NJ",Central
42091,42,Montgomery County,Pennsylvania,37980,"Philadelphia-Camden-Wilmington, PA-NJ-DE-MD",Metropolitan Statistical Area,33874,"Montgomery County-Bucks County-Chester County, PA",428,"Philadelphia-Reading-Camden, PA-NJ-DE-MD",Central
42093,42,Montour County,Pennsylvania,44980,"Sunbury, PA",Micropolitan Statistical Area,,,146,"Bloomsburg-Berwick-Sunbury, PA",Outlying
42095,42,Northampton County,Pennsylvania,10900,"Allentown-Bethlehem-Easton, PA-NJ",Metropolitan Statistical Area,,,106,"Allentown-Bethlehem-East Stroudsburg, PA-NJ",Central
42097,42,Northumberland County,Pennsylvania,44980,"Sunbury, PA",Micropolitan Statistical Area,,,146,"Bloomsburg-Berwick-Sunbury, PA",Central
42099,42,Perry County,Pennsylvania,25420,"Harrisburg-Carlisle, PA",Metropolitan Statistical Area,,,276,"Harrisburg-York-Lebanon, PA",Outlying
42101,42,Philadelphia County,Pennsylvania,37980,"Philadelphia-Camden-Wilmington, PA-NJ-DE-MD",Metropolitan Statistical Area,37964,"Philadelphia, PA",428,"Philadelphia-Reading-Camden, PA-NJ-DE-MD",Central
42103,42,Pike County,Pennsylvania,25770,"Hemlock Farms, PA",Micropolitan Statistical Area,,,408,"New York-Newark, NY-NJ-CT-PA",Central
42107,42,Schuylkill County,Pennsylvania,39060,"Pottsville, PA",Micropolitan Statistical Area,,,,,Central
42109,42,Snyder County,Pennsylvania,42780,"Selinsgrove, PA",Micropolitan Statistical Area,,,146,"Bloomsburg-Berwick-Sunbury, PA",Central
42111,42,Somerset County,Pennsylvania,43740,"Somerset, PA",Micropolitan Statistical Area,,,306,"Johnstown-Somerset, PA",Central
42119,42,Union County,Pennsylvania,30260,"Lewisburg, PA",Micropolitan Statistical Area,,,146,"Bloomsburg-Berwick-Sunbury, PA",Central
42121,42,Venango County,Pennsylvania,36340,"Oil City, PA",Micropolitan Statistical Area,,,,,Central
42123,42,Warren County,Pennsylvania,47620,"Warren, PA",Micropolitan Statistical Area,,,,,Central
42125,42,Washington County,Pennsylvania,38300,"Pittsburgh, PA",Metropolitan Statistical Area,,,430,"Pittsburgh-Weirton-Steubenville, PA-OH-WV",Central
42129,42,Westmoreland County,Pennsylvania,38300,"Pittsburgh, PA",Metropolitan Statistical Area,,,430,"Pittsburgh-Weirton-Steubenville, PA-OH-WV",Central
42131,42,Wyoming County,Pennsylvania,42540,"Scranton--Wilkes-Barre, PA",Metropolitan Statistical Area,,,,,Outlying
42133,42,York County,Pennsylvania,49620,"York-Hanover, PA",Metropolitan Statistical Area,,,276,"Harrisburg-York-Lebanon, PA",Central
44001,44,Bristol County,Rhode Island,39300,"Providence-Warwick, RI-MA",Metropolitan Statistical Area,,,148,"Boston-Worcester-Providence, MA-RI-NH",Central
44003,44,Kent County,Rhode Island,39300,"Providence-Warwick, RI-MA",Metropolitan Statistical Area,,,148,"Boston-Worcester-Providence, MA-RI-NH",Central
44005,44,Newport County,Rhode Island,39300,"Providence-Warwick, RI-MA",Metropolitan Statistical Area,,,148,"Boston-Worcester-Providence, MA-RI-NH",Central
44007,44,Providence County,Rhode Island,39300,"Providence-Warwick, RI-MA",Metropolitan Statistical Area,,,148,"Boston-Worcester-Providence, MA-RI-NH",Central
44009,44,Washington County,Rhode Island,39300,"Providence-Warwick, RI-MA",Metropolitan Statistical Area,,,148,"Boston-Worcester-Providence, MA-RI-NH",Central
45001,45,Abbeville County,South Carolina,24940,"Greenwood, SC",Micropolitan Statistical Area,,,273,"Greenville-Spartanburg-Anderson, SC",Outlying
45003,45,Aiken County,South Carolina,12260,"Augusta-Richmond County, GA-SC",Metropolitan Statistical Area,,,,,Central
45007,45,Anderson County,South Carolina,24860,"Greenville-Anderson-Greer, SC",Metropolitan Statistical Area,,,273,"Greenville-Spartanburg-Anderson, SC",Outlying
45013,45,Beaufort County,South Carolina,25940,"Hilton Head Island-Bluffton-Port Royal, SC",Metropolitan Statistical Area,,,,,Central
45015,45,Berkeley County,South Carolina,16700,"Charleston-North Charleston, SC",Metropolitan Statistical Area,,,,,Central
45017,45,Calhoun County,South Carolina,17900,"Columbia, SC",Metropolitan Statistical Area,,,192,"Columbia-Sumter-Orangeburg, SC",Outlying
45019,45,Charleston County,South Carolina,16700,"Charleston-North Charleston, SC",Metropolitan Statistical Area,,,,,Central
45021,45,Cherokee County,South Carolina,23500,"Gaffney, SC",Micropolitan Statistical Area,,,273,"Greenville-Spartanburg-Anderson, SC",Central
45023,45,Chester County,South Carolina,16740,"Charlotte-Concord-Gastonia, NC-SC",Metropolitan Statistical Area,,,172,"Charlotte-Concord, NC-SC",Outlying
45031,45,Darlington County,South Carolina,22500,"Florence, SC",Metropolitan Statistical Area,,,,,Outlying
45035,45,Dorchester County,South Carolina,16700,"Charleston-North Charleston, SC",Metropolitan Statistical Area,,,,,Central
45037,45,Edgefield County,South Carolina,12260,"Augusta-Richmond County, GA-SC",Metropolitan Statistical Area,,,,,Outlying
45039,45,Fairfield County,South Carolina,17900,"Columbia, SC",Metropolitan Statistical Area,,,192,"Columbia-Sumter-Orangeburg, SC",Outlying
45041,45,Florence County,South Carolina,22500,"Florence, SC",Metropolitan Statistical Area,,,,,Central
45043,45,Georgetown County,South Carolina,34680,"Murrells Inlet, SC",Micropolitan Statistical Area,,,396,"Myrtle Beach-Conway, SC",Central
45045,45,Greenville County,South Carolina,24860,"Greenville-Anderson-Greer, SC",Metropolitan Statistical Area,,,273,"Greenville-Spartanburg-Anderson, SC",Central
45047,45,Greenwood County,South Carolina,24940,"Greenwood, SC",Micropolitan Statistical Area,,,273,"Greenville-Spartanburg-Anderson, SC",Central
45051,45,Horry County,South Carolina,34820,"Myrtle Beach-Conway-North Myrtle Beach, SC",Metropolitan Statistical Area,,,396,"Myrtle Beach-Conway, SC",Central
45053,45,Jasper County,South Carolina,25940,"Hilton Head Island-Bluffton-Port Royal, SC",Metropolitan Statistical Area,,,,,Outlying
45055,45,Kershaw County,South Carolina,17900,"Columbia, SC",Metropolitan Statistical Area,,,192,"Columbia-Sumter-Orangeburg, SC",Outlying
45057,45,Lancaster County,South Carolina,16740,"Charlotte-Concord-Gastonia, NC-SC",Metropolitan Statistical Area,,,172,"Charlotte-Concord, NC-SC",Outlying
45059,45,Laurens County,South Carolina,24860,"Greenville-Anderson-Greer, SC",Metropolitan Statistical Area,,,273,"Greenville-Spartanburg-Anderson, SC",Outlying
45063,45,Lexington County,South Carolina,17900,"Columbia, SC",Metropolitan Statistical Area,,,192,"Columbia-Sumter-Orangeburg, SC",Central
45071,45,Newberry County,South Carolina,35140,"Newberry, SC",Micropolitan Statistical Area,,,192,"Columbia-Sumter-Orangeburg, SC",Central
45073,45,Oconee County,South Carolina,42860,"Seneca, SC",Micropolitan Statistical Area,,,273,"Greenville-Spartanburg-Anderson, SC",Central
45075,45,Orangeburg County,South Carolina,36700,"Orangeburg, SC",Micropolitan Statistical Area,,,192,"Columbia-Sumter-Orangeburg, SC",Central
45077,45,Pickens County,South Carolina,24860,"Greenville-Anderson-Greer, SC",Metropolitan Statistical Area,,,273,"Greenville-Spartanburg-Anderson, SC",Central
45079,45,Richland County,South Carolina,17900,"Columbia, SC",Metropolitan Statistical Area,,,192,"Columbia-Sumter-Orangeburg, SC",Central
45081,45,Saluda County,South Carolina,17900,"Columbia, SC",Metropolitan Statistical Area,,,192,"Columbia-Sumter-Orangeburg, SC",Outlying
45083,45,Spartanburg County,South Carolina,43900,"Spartanburg, SC",Metropolitan Statistical Area,,,273,"Greenville-Spartanburg-Anderson, SC",Central
45085,45,Sumter County,South Carolina,44940,"Sumter, SC",Metropolitan Statistical Area,,,192,"Columbia-Sumter-Orangeburg, SC",Central
45087,45,Union County,South Carolina,43900,"Spartanburg, SC",Metropolitan Statistical Area,,,273,"Greenville-Spartanburg-Anderson, SC",Outlying
45091,45,York County,South Carolina,16740,"Charlotte-Concord-Gastonia, NC-SC",Metropolitan Statistical Area,,,172,"Charlotte-Concord, NC-SC",Outlying
46005,46,Beadle County,South Dakota,26700,"Huron, SD",Micropolitan Statistical Area,,,,,Central
46011,46,Brookings County,South Dakota,15100,"Brookings, SD",Micropolitan Statistical Area,,,,,Central
46013,46,Brown County,South Dakota,10100,"Aberdeen, SD",Micropolitan Statistical Area,,,,,Central
46027,46,Clay County,South Dakota,46820,"Vermillion, SD",Micropolitan Statistical Area,,,,,Central
46029,46,Codington County,South Dakota,47980,"Watertown, SD",Micropolitan Statistical Area,,,,,Central
46033,46,Custer County,South Dakota,39660,"Rapid City, SD",Metropolitan Statistical Area,,,452,"Rapid City-Spearfish, SD",Outlying
46035,46,Davison County,South Dakota,33580,"Mitchell, SD",Micropolitan Statistical Area,,,,,Central
46045,46,Edmunds County,South Dakota,10100,"Aberdeen, SD",Micropolitan Statistical Area,,,,,Outlying
46061,46,Hanson County,South Dakota,33580,"Mitchell, SD",Micropolitan Statistical Area,,,,,Outlying
46065,46,Hughes County,South Dakota,38180,"Pierre, SD",Micropolitan Statistical Area,,,,,Central
46081,46,Lawrence County,South Dakota,43940,"Spearfish, SD",Micropolitan Statistical Area,,,452,"Rapid City-Spearfish, SD",Central
46083,46,Lincoln County,South Dakota,43620,"Sioux Falls, SD-MN",Metropolitan Statistical Area,,,,,Central
46087,46,McCook County,South Dakota,43620,"Sioux Falls, SD-MN",Metropolitan Statistical Area,,,,,Outlying
46093,46,Meade County,South Dakota,39660,"Rapid City, SD",Metropolitan Statistical Area,,,452,"Rapid City-Spearfish, SD",Outlying
46099,46,Minnehaha County,South Dakota,43620,"Sioux Falls, SD-MN",Metropolitan Statistical Area,,,,,Central
46103,46,Pennington County,South Dakota,39660,"Rapid City, SD",Metropolitan Statistical Area,,,452,"Rapid City-Spearfish, SD",Central
46111,46,Sanborn County,South Dakota,33580,"Mitchell, SD",Micropolitan Statistical Area,,,,,Outlying
46117,46,Stanley County,South Dakota,38180,"Pierre, SD",Micropolitan Statistical Area,,,,,Central
46125,46,Turner County,South Dakota,43620,"Sioux Falls, SD-MN",Metropolitan Statistical Area,,,,,Outlying
46127,46,Union County,South Dakota,43580,"Sioux City, IA-NE-SD",Metropolitan Statistical Area,,,512,"Sioux City-Le Mars, IA-NE-SD",Central
46135,46,Yankton County,South Dakota,49460,"Yankton, SD",Micropolitan Statistical Area,,,,,Central
47001,47,Anderson County,Tennessee,28940,"Knoxville, TN",Metropolitan Statistical Area,,,315,"Knoxville-Morristown-Sevierville, TN",Central
47003,47,Bedford County,Tennessee,43180,"Shelbyville, TN",Micropolitan Statistical Area,,,400,"Nashville-Davidson--Murfreesboro, TN",Central
47009,47,Blount County,Tennessee,28940,"Knoxville, TN",Metropolitan Statistical Area,,,315,"Knoxville-Morristown-Sevierville, TN",Central
47011,47,Bradley County,Tennessee,17420,"Cleveland, TN",Metropolitan Statistical Area,,,174,"Chattanooga-Cleveland-Dalton, TN-GA-AL",Central
47013,47,Campbell County,Tennessee,28940,"Knoxville, TN",Metropolitan Statistical Area,,,315,"Knoxville-Morristown-Sevierville, TN",Outlying
47015,47,Cannon County,Tennessee,34980,"Nashville-Davidson--Murfreesboro--Franklin, TN",Metropolitan Statistical Area,,,400,"Nashville-Davidson--Murfreesboro, TN",Outlying
47019,47,Carter County,Tennessee,27740,"Johnson City, TN",Metropolitan Statistical Area,,,304,"Johnson City-Kingsport-Bristol, TN-VA",Central
47021,47,Cheatham County,Tennessee,34980,"Nashville-Davidson--Murfreesboro--Franklin, TN",Metropolitan Statistical Area,,,400,"Nashville-Davidson--Murfreesboro, TN",Outlying
47023,47,Chester County,Tennessee,27180,"Jackson, TN",Metropolitan Statistical Area,,,,,Outlying
47029,47,Cocke County,Tennessee,35460,"Newport, TN",Micropolitan Statistical Area,,,315,"Knoxville-Morristown-Sevierville, TN",Central
47031,47,Coffee County,Tennessee,46100,"Tullahoma-Manchester, TN",Micropolitan Statistical Area,,,400,"Nashville-Davidson--Murfreesboro, TN",Central
47033,47,Crockett County,Tennessee,27180,"Jackson, TN",Metropolitan Statistical Area,,,,,Outlying
47035,47,Cumberland County,Tennessee,18900,"Crossville, TN",Micropolitan Statistical Area,,,,,Central
47037,47,Davidson County,Tennessee,34980,"Nashville-Davidson--Murfreesboro--Franklin, TN",Metropolitan Statistical Area,,,400,"Nashville-Davidson--Murfreesboro, TN",Central
47043,47,Dickson County,Tennessee,34980,"Nashville-Davidson--Murfreesboro--Franklin, TN",Metropolitan Statistical Area,,,400,"Nashville-Davidson--Murfreesboro, TN",Outlying
47045,47,Dyer County,Tennessee,20540,"Dyersburg, TN",Micropolitan Statistical Area,,,,,Central
47047,47,Fayette County,Tennessee,32820,"Memphis, TN-MS-AR",Metropolitan Statistical Area,,,368,"Memphis-Clarksdale-Forrest City, TN-MS-AR",Outlying
47051,47,Franklin County,Tennessee,49010,"Winchester, TN",Micropolitan Statistical Area,,,400,"Nashville-Davidson--Murfreesboro, TN",Central
47053,47,Gibson County,Tennessee,27180,"Jackson, TN",Metropolitan Statistical Area,,,,,Outlying
47057,47,Grainger County,Tennessee,28940,"Knoxville, TN",Metropolitan Statistical Area,,,315,"Knoxville-Morristown-Sevierville, TN",Outlying
47059,47,Greene County,Tennessee,24620,"Greeneville, TN",Micropolitan Statistical Area,,,304,"Johnson City-Kingsport-Bristol, TN-VA",Central
47063,47,Hamblen County,Tennessee,34100,"Morristown, TN",Metropolitan Statistical Area,,,315,"Knoxville-Morristown-Sevierville, TN",Central
47065,47,Hamilton County,Tennessee,16860,"Chattanooga, TN-GA",Metropolitan Statistical Area,,,174,"Chattanooga-Cleveland-Dalton, TN-GA-AL",Central
47073,47,Hawkins County,Tennessee,28700,"Kingsport-Bristol, TN-VA",Metropolitan Statistical Area,,,304,"Johnson City-Kingsport-Bristol, TN-VA",Central
47079,47,Henry County,Tennessee,37540,"Paris, TN",Micropolitan Statistical Area,,,,,Central
47081,47,Hickman County,Tennessee,34980,"Nashville-Davidson--Murfreesboro--Franklin, TN",Metropolitan Statistical Area,,,400,"Nashville-Davidson--Murfreesboro, TN",Outlying
47087,47,Jackson County,Tennessee,18260,"Cookeville, TN",Micropolitan Statistical Area,,,,,Outlying
47089,47,Jefferson County,Tennessee,34100,"Morristown, TN",Metropolitan Statistical Area,,,315,"Knoxville-Morristown-Sevierville, TN",Central
47093,47,Knox County,Tennessee,28940,"Knoxville, TN",Metropolitan Statistical Area,,,315,"Knoxville-Morristown-Sevierville, TN",Central
47099,47,Lawrence County,Tennessee,29980,"Lawrenceburg, TN",Micropolitan Statistical Area,,,400,"Nashville-Davidson--Murfreesboro, TN",Central
47103,47,Lincoln County,Tennessee,22190,"Fayetteville, TN",Micropolitan Statistical Area,,,290,"Huntsville-Decatur-Albertville, AL-TN",Central
47105,47,Loudon County,Tennessee,28940,"Knoxville, TN",Metropolitan Statistical Area,,,315,"Knoxville-Morristown-Sevierville, TN",Central
47107,47,McMinn County,Tennessee,11940,"Athens, TN",Micropolitan Statistical Area,,,174,"Chattanooga-Cleveland-Dalton, TN-GA-AL",Central
47111,47,Macon County,Tennessee,34980,"Nashville-Davidson--Murfreesboro--Franklin, TN",Metropolitan Statistical Area,,,400,"Nashville-Davidson--Murfreesboro, TN",Outlying
47113,47,Madison County,Tennessee,27180,"Jackson, TN",Metropolitan Statistical Area,,,,,Central
47115,47,Marion County,Tennessee,16860,"Chattanooga, TN-GA",Metropolitan Statistical Area,,,174,"Chattanooga-Cleveland-Dalton, TN-GA-AL",Outlying
47117,47,Marshall County,Tennessee,30280,"Lewisburg, TN",Micropolitan Statistical Area,,,400,"Nashville-Davidson--Murfreesboro, TN",Central
47119,47,Maury County,Tennessee,34980,"Nashville-Davidson--Murfreesboro--Franklin, TN",Metropolitan Statistical Area,,,400,"Nashville-Davidson--Murfreesboro, TN",Outlying
47121,47,Meigs County,Tennessee,11940,"Athens, TN",Micropolitan Statistical Area,,,174,"Chattanooga-Cleveland-Dalton, TN-GA-AL",Outlying
47125,47,Montgomery County,Tennessee,17300,"Clarksville, TN-KY",Metropolitan Statistical Area,,,,,Central
47127,47,Moore County,Tennessee,46100,"Tullahoma-Manchester, TN",Micropolitan Statistical Area,,,400,"Nashville-Davidson--Murfreesboro, TN",Outlying
47129,47,Morgan County,Tennessee,28940,"Knoxville, TN",Metropolitan Statistical Area,,,315,"Knoxville-Morristown-Sevierville, TN",Outlying
47131,47,Obion County,Tennessee,46460,"Union City, TN",Micropolitan Statistical Area,,,542,"Union City-Martin, TN",Central
47133,47,Overton County,Tennessee,18260,"Cookeville, TN",Micropolitan Statistical Area,,,,,Outlying
47139,47,Polk County,Tennessee,17420,"Cleveland, TN",Metropolitan Statistical Area,,,174,"Chattanooga-Cleveland-Dalton, TN-GA-AL",Outlying
47141,47,Putnam County,Tennessee,18260,"Cookeville, TN",Micropolitan Statistical Area,,,,,Central
47145,47,Roane County,Tennessee,28940,"Knoxville, TN",Metropolitan Statistical Area,,,315,"Knoxville-Morristown-Sevierville, TN",Outlying
47147,47,Robertson County,Tennessee,34980,"Nashville-Davidson--Murfreesboro--Franklin, TN",Metropolitan Statistical Area,,,400,"Nashville-Davidson--Murfreesboro, TN",Outlying
47149,47,Rutherford County,Tennessee,34980,"Nashville-Davidson--Murfreesboro--Franklin, TN",Metropolitan Statistical Area,,,400,"Nashville-Davidson--Murfreesboro, TN",Outlying
47153,47,Sequatchie County,Tennessee,16860,"Chattanooga, TN-GA",Metropolitan Statistical Area,,,174,"Chattanooga-Cleveland-Dalton, TN-GA-AL",Outlying
47155,47,Sevier County,Tennessee,42940,"Sevierville, TN",Micropolitan Statistical Area,,,315,"Knoxville-Morristown-Sevierville, TN",Central
47157,47,Shelby County,Tennessee,32820,"Memphis, TN-MS-AR",Metropolitan Statistical Area,,,368,"Memphis-Clarksdale-Forrest City, TN-MS-AR",Central
47159,47,Smith County,Tennessee,34980,"Nashville-Davidson--Murfreesboro--Franklin, TN",Metropolitan Statistical Area,,,400,"Nashville-Davidson--Murfreesboro, TN",Outlying
47161,47,Stewart County,Tennessee,17300,"Clarksville, TN-KY",Metropolitan Statistical Area,,,,,Outlying
47163,47,Sullivan County,Tennessee,28700,"Kingsport-Bristol, TN-VA",Metropolitan Statistical Area,,,304,"Johnson City-Kingsport-Bristol, TN-VA",Central
47165,47,Sumner County,Tennessee,34980,"Nashville-Davidson--Murfreesboro--Franklin, TN",Metropolitan Statistical Area,,,400,"Nashville-Davidson--Murfreesboro, TN",Central
47167,47,Tipton County,Tennessee,32820,"Memphis, TN-MS-AR",Metropolitan Statistical Area,,,368,"Memphis-Clarksdale-Forrest City, TN-MS-AR",Outlying
47169,47,Trousdale County,Tennessee,34980,"Nashville-Davidson--Murfreesboro--Franklin, TN",Metropolitan Statistical Area,,,400,"Nashville-Davidson--Murfreesboro, TN",Outlying
47171,47,Unicoi County,Tennessee,27740,"Johnson City, TN",Metropolitan Statistical Area,,,304,"Johnson City-Kingsport-Bristol, TN-VA",Outlying
47173,47,Union County,Tennessee,28940,"Knoxville, TN",Metropolitan Statistical Area,,,315,"Knoxville-Morristown-Sevierville, TN",Outlying
47177,47,Warren County,Tennessee,32660,"McMinnville, TN",Micropolitan Statistical Area,,,,,Central
47179,47,Washington County,Tennessee,27740,"Johnson City, TN",Metropolitan Statistical Area,,,304,"Johnson City-Kingsport-Bristol, TN-VA",Central
47183,47,Weakley County,Tennessee,32280,"Martin, TN",Micropolitan Statistical Area,,,542,"Union City-Martin, TN",Central
47185,47,White County,Tennessee,18260,"Cookeville, TN",Micropolitan Statistical Area,,,,,Outlying
47187,47,Williamson County,Tennessee,34980,"Nashville-Davidson--Murfreesboro--Franklin, TN",Metropolitan Statistical Area,,,400,"Nashville-Davidson--Murfreesboro, TN",Central
47189,47,Wilson County,Tennessee,34980,"Nashville-Davidson--Murfreesboro--Franklin, TN",Metropolitan Statistical Area,,,400,"Nashville-Davidson--Murfreesboro, TN",Central
48001,48,Anderson County,Texas,37300,"Palestine, TX",Micropolitan Statistical Area,,,,,Central
48003,48,Andrews County,Texas,11380,"Andrews, TX",Micropolitan Statistical Area,,,372,"Midland-Odessa-Andrews, TX",Central
48005,48,Angelina County,Texas,31260,"Lufkin, TX",Micropolitan Statistical Area,,,,,Central
48007,48,Aransas County,Texas,18580,"Corpus Christi, TX",Metropolitan Statistical Area,,,204,"Corpus Christi-Kingsville-Alice, TX",Outlying
48009,48,Archer County,Texas,48660,"Wichita Falls, TX",Metropolitan Statistical Area,,,,,Outlying
48011,48,Armstrong County,Texas,11100,"Amarillo, TX",Metropolitan Statistical Area,,,108,"Amarillo-Borger, TX",Outlying
48013,48,Atascosa County,Texas,41700,"San Antonio-New Braunfels, TX",Metropolitan Statistical Area,,,484,"San Antonio-New Braunfels-Kerrville, TX",Outlying
48015,48,Austin County,Texas,26420,"Houston-Pasadena-The Woodlands, TX",Metropolitan Statistical Area,,,288,"Houston-Pasadena, TX",Outlying
48019,48,Bandera County,Texas,41700,"San Antonio-New Braunfels, TX",Metropolitan Statistical Area,,,484,"San Antonio-New Braunfels-Kerrville, TX",Outlying
48021,48,Bastrop County,Texas,12420,"Austin-Round Rock-San Marcos, TX",Metropolitan Statistical Area,,,,,Outlying
48025,48,Bee County,Texas,13300,"Beeville, TX",Micropolitan Statistical Area,,,,,Central
48027,48,Bell County,Texas,28660,"Killeen-Temple, TX",Metropolitan Statistical Area,,,,,Central
48029,48,Bexar County,Texas,41700,"San Antonio-New Braunfels, TX",Metropolitan Statistical Area,,,484,"San Antonio-New Braunfels-Kerrville, TX",Central
48035,48,Bosque County,Texas,47380,"Waco, TX",Metropolitan Statistical Area,,,,,Outlying
48037,48,Bowie County,Texas,45500,"Texarkana, TX-AR",Metropolitan Statistical Area,,,,,Central
48039,48,Brazoria County,Texas,26420,"Houston-Pasadena-The Woodlands, TX",Metropolitan Statistical Area,,,288,"Houston-Pasadena, TX",Central
48041,48,Brazos County,Texas,17780,"College Station-Bryan, TX",Metropolitan Statistical Area,,,,,Central
48047,48,Brooks County,Texas,10860,"Alice, TX",Micropolitan Statistical Area,,,204,"Corpus Christi-Kingsville-Alice, TX",Outlying
48049,48,Brown County,Texas,15220,"Brownwood, TX",Micropolitan Statistical Area,,,,,Central
48051,48,Burleson County,Texas,17780,"College Station-Bryan, TX",Metropolitan Statistical Area,,,,,Outlying
48055,48,Caldwell County,Texas,12420,"Austin-Round Rock-San Marcos, TX",Metropolitan Statistical Area,,,,,Outlying
48057,48,Calhoun County,Texas,38920,"Port Lavaca, TX",Micropolitan Statistical Area,,,544,"Victoria-Port Lavaca, TX",Central
48059,48,Callahan County,Texas,10180,"Abilene, TX",Metropolitan Statistical Area,,,101,"Abilene-Sweetwater, TX",Outlying
48061,48,Cameron County,Texas,15180,"Brownsville-Harlingen, TX",Metropolitan Statistical Area,,,154,"Brownsville-Harlingen-Raymondville, TX",Central
48063,48,Camp County,Texas,34420,"Mount Pleasant, TX",Micropolitan Statistical Area,,,,,Outlying
48065,48,Carson County,Texas,11100,"Amarillo, TX",Metropolitan Statistical Area,,,108,"Amarillo-Borger, TX",Outlying
48071,48,Chambers County,Texas,26420,"Houston-Pasadena-The Woodlands, TX",Metropolitan Statistical Area,,,288,"Houston-Pasadena, TX",Outlying
48073,48,Cherokee County,Texas,27380,"Jacksonville, TX",Micropolitan Statistical Area,,,540,"Tyler-Jacksonville, TX",Central
48077,48,Clay County,Texas,48660,"Wichita Falls, TX",Metropolitan Statistical Area,,,,,Outlying
48079,48,Cochran County,Texas,31180,"Lubbock, TX",Metropolitan Statistical Area,,,352,"Lubbock-Plainview, TX",Outlying
48085,48,Collin County,Texas,19100,"Dallas-Fort Worth-Arlington, TX",Metropolitan Statistical Area,19124,"Dallas-Plano-Irving, TX",206,"Dallas-Fort Worth, TX-OK",Central
48091,48,Comal County,Texas,41700,"San Antonio-New Braunfels, TX",Metropolitan Statistical Area,,,484,"San Antonio-New Braunfels-Kerrville, TX",Outlying
48097,48,Cooke County,Texas,23620,"Gainesville, TX",Micropolitan Statistical Area,,,206,"Dallas-Fort Worth, TX-OK",Central
48099,48,Coryell County,Texas,28660,"Killeen-Temple, TX",Metropolitan Statistical Area,,,,,Central
48107,48,Crosby County,Texas,31180,"Lubbock, TX",Metropolitan Statistical Area,,,352,"Lubbock-Plainview, TX",Outlying
48113,48,Dallas County,Texas,19100,"Dallas-Fort Worth-Arlington, TX",Metropolitan Statistical Area,19124,"Dallas-Plano-Irving, TX",206,"Dallas-Fort Worth, TX-OK",Central
48117,48,Deaf Smith County,Texas,25820,"Hereford, TX",Micropolitan Statistical Area,,,,,Central
48121,48,Denton County,Texas,19100,"Dallas-Fort Worth-Arlington, TX",Metropolitan Statistical Area,19124,"Dallas-Plano-Irving, TX",206,"Dallas-Fort Worth, TX-OK",Outlying
48135,48,Ector County,Texas,36220,"Odessa, TX",Metropolitan Statistical Area,,,372,"Midland-Odessa-Andrews, TX",Central
48139,48,Ellis County,Texas,19100,"Dallas-Fort Worth-Arlington, TX",Metropolitan Statistical Area,19124,"Dallas-Plano-Irving, TX",206,"Dallas-Fort Worth, TX-OK",Central
48141,48,El Paso County,Texas,21340,"El Paso, TX",Metropolitan Statistical Area,,,238,"El Paso-Las Cruces, TX-NM",Central
48143,48,Erath County,Texas,44500,"Stephenville, TX",Micropolitan Statistical Area,,,,,Central
48145,48,Falls County,Texas,47380,"Waco, TX",Metropolitan Statistical Area,,,,,Outlying
48147,48,Fannin County,Texas,14300,"Bonham, TX",Micropolitan Statistical Area,,,206,"Dallas-Fort Worth, TX-OK",Central
48153,48,Floyd County,Texas,38380,"Plainview, TX",Micropolitan Statistical Area,,,352,"Lubbock-Plainview, TX",Outlying
48157,48,Fort Bend County,Texas,26420,"Houston-Pasadena-The Woodlands, TX",Metropolitan Statistical Area,,,288,"Houston-Pasadena, TX",Central
48167,48,Galveston County,Texas,26420,"Houston-Pasadena-The Woodlands, TX",Metropolitan Statistical Area,,,288,"Houston-Pasadena, TX",Outlying
48169,48,Garza County,Texas,31180,"Lubbock, TX",Metropolitan Statistical Area,,,352,"Lubbock-Plainview, TX",Outlying
48171,48,Gillespie County,Texas,23240,"Fredericksburg, TX",Micropolitan Statistical Area,,,484,"San Antonio-New Braunfels-Kerrville, TX",Central
48175,48,Goliad County,Texas,47020,"Victoria, TX",Metropolitan Statistical Area,,,544,"Victoria-Port Lavaca, TX",Outlying
48179,48,Gray County,Texas,37420,"Pampa, TX",Micropolitan Statistical Area,,,,,Central
48181,48,Grayson County,Texas,43300,"Sherman-Denison, TX",Metropolitan Statistical Area,,,206,"Dallas-Fort Worth, TX-OK",Central
48183,48,Gregg County,Texas,30980,"Longview, TX",Metropolitan Statistical Area,,,,,Central
48187,48,Guadalupe County,Texas,41700,"San Antonio-New Braunfels, TX",Metropolitan Statistical Area,,,484,"San Antonio-New Braunfels-Kerrville, TX",Central
48189,48,Hale County,Texas,38380,"Plainview, TX",Micropolitan Statistical Area,,,352,"Lubbock-Plainview, TX",Central
48199,48,Hardin County,Texas,13140,"Beaumont-Port Arthur, TX",Metropolitan Statistical Area,,,,,Outlying
48201,48,Harris County,Texas,26420,"Houston-Pasadena-The Woodlands, TX",Metropolitan Statistical Area,,,288,"Houston-Pasadena, TX",Central
48203,48,Harrison County,Texas,30980,"Longview, TX",Metropolitan Statistical Area,,,,,Outlying
48209,48,Hays County,Texas,12420,"Austin-Round Rock-San Marcos, TX",Metropolitan Statistical Area,,,,,Central
48213,48,Henderson County,Texas,11980,"Athens, TX",Micropolitan Statistical Area,,,206,"Dallas-Fort Worth, TX-OK",Central
48215,48,Hidalgo County,Texas,32580,"McAllen-Edinburg-Mission, TX",Metropolitan Statistical Area,,,365,"McAllen-Edinburg, TX",Central
48219,48,Hockley County,Texas,31180,"Lubbock, TX",Metropolitan Statistical Area,,,352,"Lubbock-Plainview, TX",Outlying
48221,48,Hood County,Texas,24180,"Granbury, TX",Micropolitan Statistical Area,,,206,"Dallas-Fort Worth, TX-OK",Central
48223,48,Hopkins County,Texas,44860,"Sulphur Springs, TX",Micropolitan Statistical Area,,,206,"Dallas-Fort Worth, TX-OK",Central
48227,48,Howard County,Texas,13700,"Big Spring, TX",Micropolitan Statistical Area,,,,,Central
48229,48,Hudspeth County,Texas,21340,"El Paso, TX",Metropolitan Statistical Area,,,238,"El Paso-Las Cruces, TX-NM",Outlying
48231,48,Hunt County,Texas,19100,"Dallas-Fort Worth-Arlington, TX",Metropolitan Statistical Area,19124,"Dallas-Plano-Irving, TX",206,"Dallas-Fort Worth, TX-OK",Outlying
48233,48,Hutchinson County,Texas,14420,"Borger, TX",Micropolitan Statistical Area,,,108,"Amarillo-Borger, TX",Central
48235,48,Irion County,Texas,41660,"San Angelo, TX",Metropolitan Statistical Area,,,,,Outlying
48245,48,Jefferson County,Texas,13140,"Beaumont-Port Arthur, TX",Metropolitan Statistical Area,,,,,Central
48249,48,Jim Wells County,Texas,10860,"Alice, TX",Micropolitan Statistical Area,,,204,"Corpus Christi-Kingsville-Alice, TX",Central
48251,48,Johnson County,Texas,19100,"Dallas-Fort Worth-Arlington, TX",Metropolitan Statistical Area,23104,"Fort Worth-Arlington-Grapevine, TX",206,"Dallas-Fort Worth, TX-OK",Central
48253,48,Jones County,Texas,10180,"Abilene, TX",Metropolitan Statistical Area,,,101,"Abilene-Sweetwater, TX",Outlying
48257,48,Kaufman County,Texas,19100,"Dallas-Fort Worth-Arlington, TX",Metropolitan Statistical Area,19124,"Dallas-Plano-Irving, TX",206,"Dallas-Fort Worth, TX-OK",Outlying
48259,48,Kendall County,Texas,41700,"San Antonio-New Braunfels, TX",Metropolitan Statistical Area,,,484,"San Antonio-New Braunfels-Kerrville, TX",Outlying
48265,48,Kerr County,Texas,28500,"Kerrville, TX",Micropolitan Statistical Area,,,484,"San Antonio-New Braunfels-Kerrville, TX",Central
48273,48,Kleberg County,Texas,28780,"Kingsville, TX",Micropolitan Statistical Area,,,204,"Corpus Christi-Kingsville-Alice, TX",Central
48277,48,Lamar County,Texas,37580,"Paris, TX",Micropolitan Statistical Area,,,,,Central
48281,48,Lampasas County,Texas,28660,"Killeen-Temple, TX",Metropolitan Statistical Area,,,,,Outlying
48291,48,Liberty County,Texas,26420,"Houston-Pasadena-The Woodlands, TX",Metropolitan Statistical Area,,,288,"Houston-Pasadena, TX",Outlying
48303,48,Lubbock County,Texas,31180,"Lubbock, TX",Metropolitan Statistical Area,,,352,"Lubbock-Plainview, TX",Central
48305,48,Lynn County,Texas,31180,"Lubbock, TX",Metropolitan Statistical Area,,,352,"Lubbock-Plainview, TX",Outlying
48309,48,McLennan County,Texas,47380,"Waco, TX",Metropolitan Statistical Area,,,,,Central
48317,48,Martin County,Texas,33260,"Midland, TX",Metropolitan Statistical Area,,,372,"Midland-Odessa-Andrews, TX",Outlying
48321,48,Matagorda County,Texas,13060,"Bay City, TX",Micropolitan Statistical Area,,,288,"Houston-Pasadena, TX",Central
48323,48,Maverick County,Texas,20580,"Eagle Pass, TX",Metropolitan Statistical Area,,,,,Central
48325,48,Medina County,Texas,41700,"San Antonio-New Braunfels, TX",Metropolitan Statistical Area,,,484,"San Antonio-New Braunfels-Kerrville, TX",Outlying
48329,48,Midland County,Texas,33260,"Midland, TX",Metropolitan Statistical Area,,,372,"Midland-Odessa-Andrews, TX",Central
48339,48,Montgomery County,Texas,26420,"Houston-Pasadena-The Woodlands, TX",Metropolitan Statistical Area,,,288,"Houston-Pasadena, TX",Outlying
48341,48,Moore County,Texas,20300,"Dumas, TX",Micropolitan Statistical Area,,,,,Central
48343,48,Morris County,Texas,34420,"Mount Pleasant, TX",Micropolitan Statistical Area,,,,,Outlying
48347,48,Nacogdoches County,Texas,34860,"Nacogdoches, TX",Micropolitan Statistical Area,,,,,Central
48349,48,Navarro County,Texas,18620,"Corsicana, TX",Micropolitan Statistical Area,,,206,"Dallas-Fort Worth, TX-OK",Central
48353,48,Nolan County,Texas,45020,"Sweetwater, TX",Micropolitan Statistical Area,,,101,"Abilene-Sweetwater, TX",Central
48355,48,Nueces County,Texas,18580,"Corpus Christi, TX",Metropolitan Statistical Area,,,204,"Corpus Christi-Kingsville-Alice, TX",Central
48359,48,Oldham County,Texas,11100,"Amarillo, TX",Metropolitan Statistical Area,,,108,"Amarillo-Borger, TX",Outlying
48361,48,Orange County,Texas,13140,"Beaumont-Port Arthur, TX",Metropolitan Statistical Area,,,,,Outlying
48363,48,Palo Pinto County,Texas,33420,"Mineral Wells, TX",Micropolitan Statistical Area,,,206,"Dallas-Fort Worth, TX-OK",Central
48367,48,Parker County,Texas,19100,"Dallas-Fort Worth-Arlington, TX",Metropolitan Statistical Area,23104,"Fort Worth-Arlington-Grapevine, TX",206,"Dallas-Fort Worth, TX-OK",Outlying
48375,48,Potter County,Texas,11100,"Amarillo, TX",Metropolitan Statistical Area,,,108,"Amarillo-Borger, TX",Central
48381,48,Randall County,Texas,11100,"Amarillo, TX",Metropolitan Statistical Area,,,108,"Amarillo-Borger, TX",Central
48387,48,Red River County,Texas,37580,"Paris, TX",Micropolitan Statistical Area,,,,,Outlying
48389,48,Reeves County,Texas,45880,"Town of Pecos, TX",Micropolitan Statistical Area,,,,,Central
48393,48,Roberts County,Texas,37420,"Pampa, TX",Micropolitan Statistical Area,,,,,Outlying
48395,48,Robertson County,Texas,17780,"College Station-Bryan, TX",Metropolitan Statistical Area,,,,,Outlying
48397,48,Rockwall County,Texas,19100,"Dallas-Fort Worth-Arlington, TX",Metropolitan Statistical Area,19124,"Dallas-Plano-Irving, TX",206,"Dallas-Fort Worth, TX-OK",Central
48401,48,Rusk County,Texas,30980,"Longview, TX",Metropolitan Statistical Area,,,,,Outlying
48407,48,San Jacinto County,Texas,26420,"Houston-Pasadena-The Woodlands, TX",Metropolitan Statistical Area,,,288,"Houston-Pasadena, TX",Outlying
48409,48,San Patricio County,Texas,18580,"Corpus Christi, TX",Metropolitan Statistical Area,,,204,"Corpus Christi-Kingsville-Alice, TX",Central
48415,48,Scurry County,Texas,43660,"Snyder, TX",Micropolitan Statistical Area,,,,,Central
48423,48,Smith County,Texas,46340,"Tyler, TX",Metropolitan Statistical Area,,,540,"Tyler-Jacksonville, TX",Central
48427,48,Starr County,Texas,40100,"Rio Grande City-Roma, TX",Micropolitan Statistical Area,,,365,"McAllen-Edinburg, TX",Central
48439,48,Tarrant County,Texas,19100,"Dallas-Fort Worth-Arlington, TX",Metropolitan Statistical Area,23104,"Fort Worth-Arlington-Grapevine, TX",206,"Dallas-Fort Worth, TX-OK",Central
48441,48,Taylor County,Texas,10180,"Abilene, TX",Metropolitan Statistical Area,,,101,"Abilene-Sweetwater, TX",Central
48449,48,Titus County,Texas,34420,"Mount Pleasant, TX",Micropolitan Statistical Area,,,,,Central
48451,48,Tom Green County,Texas,41660,"San Angelo, TX",Metropolitan Statistical Area,,,,,Central
48453,48,Travis County,Texas,12420,"Austin-Round Rock-San Marcos, TX",Metropolitan Statistical Area,,,,,Central
48459,48,Upshur County,Texas,30980,"Longview, TX",Metropolitan Statistical Area,,,,,Outlying
48463,48,Uvalde County,Texas,46620,"Uvalde, TX",Micropolitan Statistical Area,,,,,Central
48465,48,Val Verde County,Texas,19620,"Del Rio, TX",Micropolitan Statistical Area,,,,,Central
48469,48,Victoria County,Texas,47020,"Victoria, TX",Metropolitan Statistical Area,,,544,"Victoria-Port Lavaca, TX",Central
48471,48,Walker County,Texas,26660,"Huntsville, TX",Micropolitan Statistical Area,,,288,"Houston-Pasadena, TX",Central
48473,48,Waller County,Texas,26420,"Houston-Pasadena-The Woodlands, TX",Metropolitan Statistical Area,,,288,"Houston-Pasadena, TX",Central
48477,48,Washington County,Texas,14780,"Brenham, TX",Micropolitan Statistical Area,,,288,"Houston-Pasadena, TX",Central
48479,48,Webb County,Texas,29700,"Laredo, TX",Metropolitan Statistical Area,,,,,Central
48481,48,Wharton County,Texas,20900,"El Campo, TX",Micropolitan Statistical Area,,,288,"Houston-Pasadena, TX",Central
48485,48,Wichita County,Texas,48660,"Wichita Falls, TX",Metropolitan Statistical Area,,,,,Central
48487,48,Wilbarger County,Texas,46900,"Vernon, TX",Micropolitan Statistical Area,,,,,Central
48489,48,Willacy County,Texas,39700,"Raymondville, TX",Micropolitan Statistical Area,,,154,"Brownsville-Harlingen-Raymondville, TX",Central
48491,48,Williamson County,Texas,12420,"Austin-Round Rock-San Marcos, TX",Metropolitan Statistical Area,,,,,Central
48493,48,Wilson County,Texas,41700,"San Antonio-New Braunfels, TX",Metropolitan Statistical Area,,,484,"San Antonio-New Braunfels-Kerrville, TX",Outlying
48497,48,Wise County,Texas,19100,"Dallas-Fort Worth-Arlington, TX",Metropolitan Statistical Area,23104,"Fort Worth-Arlington-Grapevine, TX",206,"Dallas-Fort Worth, TX-OK",Outlying
48505,48,Zapata County,Texas,49820,"Zapata, TX",Micropolitan Statistical Area,,,,,Central
49003,49,Box Elder County,Utah,14940,"Brigham City, UT-ID",Micropolitan Statistical Area,,,482,"Salt Lake City-Provo-Orem, UT-ID",Central
49005,49,Cache County,Utah,30860,"Logan, UT-ID",Metropolitan Statistical Area,,,,,Central
49007,49,Carbon County,Utah,39220,"Price, UT",Micropolitan Statistical Area,,,,,Central
49011,49,Davis County,Utah,36260,"Ogden, UT",Metropolitan Statistical Area,,,482,"Salt Lake City-Provo-Orem, UT-ID",Central
49021,49,Iron County,Utah,16260,"Cedar City, UT",Micropolitan Statistical Area,,,,,Central
49023,49,Juab County,Utah,39340,"Provo-Orem-Lehi, UT",Metropolitan Statistical Area,,,482,"Salt Lake City-Provo-Orem, UT-ID",Outlying
49029,49,Morgan County,Utah,36260,"Ogden, UT",Metropolitan Statistical Area,,,482,"Salt Lake City-Provo-Orem, UT-ID",Outlying
49033,49,Rich County,Utah,21740,"Evanston, WY-UT",Micropolitan Statistical Area,,,,,Outlying
49035,49,Salt Lake County,Utah,41620,"Salt Lake City-Murray, UT",Metropolitan Statistical Area,,,482,"Salt Lake City-Provo-Orem, UT-ID",Central
49043,49,Summit County,Utah,25720,"Heber, UT",Micropolitan Statistical Area,,,482,"Salt Lake City-Provo-Orem, UT-ID",Central
49045,49,Tooele County,Utah,41620,"Salt Lake City-Murray, UT",Metropolitan Statistical Area,,,482,"Salt Lake City-Provo-Orem, UT-ID",Outlying
49047,49,Uintah County,Utah,46860,"Vernal, UT",Micropolitan Statistical Area,,,,,Central
49049,49,Utah County,Utah,39340,"Provo-Orem-Lehi, UT",Metropolitan Statistical Area,,,482,"Salt Lake City-Provo-Orem, UT-ID",Central
49051,49,Wasatch County,Utah,25720,"Heber, UT",Micropolitan Statistical Area,,,482,"Salt Lake City-Provo-Orem, UT-ID",Outlying
49053,49,Washington County,Utah,41100,"St. George, UT",Metropolitan Statistical Area,,,,,Central
49057,49,Weber County,Utah,36260,"Ogden, UT",Metropolitan Statistical Area,,,482,"Salt Lake City-Provo-Orem, UT-ID",Central
50003,50,Bennington County,Vermont,13540,"Bennington, VT",Micropolitan Statistical Area,,,,,Central
50007,50,Chittenden County,Vermont,15540,"Burlington-South Burlington, VT",Metropolitan Statistical Area,,,162,"Burlington-South Burlington-Barre, VT",Central
50011,50,Franklin County,Vermont,15540,"Burlington-South Burlington, VT",Metropolitan Statistical Area,,,162,"Burlington-South Burlington-Barre, VT",Outlying
50013,50,Grand Isle County,Vermont,15540,"Burlington-South Burlington, VT",Metropolitan Statistical Area,,,162,"Burlington-South Burlington-Barre, VT",Outlying
50017,50,Orange County,Vermont,30150,"Lebanon-Claremont, NH-VT",Micropolitan Statistical Area,,,,,Outlying
50021,50,Rutland County,Vermont,40860,"Rutland, VT",Micropolitan Statistical Area,,,,,Central
50023,50,Washington County,Vermont,12740,"Barre, VT",Micropolitan Statistical Area,,,162,"Burlington-South Burlington-Barre, VT",Central
50025,50,Windham County,Vermont,14710,"Brattleboro, VT",Micropolitan Statistical Area,,,313,"Keene-Brattleboro, NH-VT",Central
50027,50,Windsor County,Vermont,30150,"Lebanon-Claremont, NH-VT",Micropolitan Statistical Area,,,,,Central
51003,51,Albemarle County,Virginia,16820,"Charlottesville, VA",Metropolitan Statistical Area,,,,,Central
51007,51,Amelia County,Virginia,40060,"Richmond, VA",Metropolitan Statistical Area,,,,,Outlying
51009,51,Amherst County,Virginia,31340,"Lynchburg, VA",Metropolitan Statistical Area,,,,,Central
51011,51,Appomattox County,Virginia,31340,"Lynchburg, VA",Metropolitan Statistical Area,,,,,Outlying
51013,51,Arlington County,Virginia,47900,"Washington-Arlington-Alexandria, DC-VA-MD-WV",Metropolitan Statistical Area,11694,"Arlington-Alexandria-Reston, VA-WV",548,"Washington-Baltimore-Arlington, DC-MD-VA-WV-PA",Central
51015,51,Augusta County,Virginia,44420,"Staunton-Stuarts Draft, VA",Metropolitan Statistical Area,,,277,"Harrisonburg-Staunton-Stuarts Draft, VA",Central
51019,51,Bedford County,Virginia,31340,"Lynchburg, VA",Metropolitan Statistical Area,,,,,Central
51023,51,Botetourt County,Virginia,40220,"Roanoke, VA",Metropolitan Statistical Area,,,,,Central
51031,51,Campbell County,Virginia,31340,"Lynchburg, VA",Metropolitan Statistical Area,,,,,Central
51036,51,Charles City County,Virginia,40060,"Richmond, VA",Metropolitan Statistical Area,,,,,Outlying
51041,51,Chesterfield County,Virginia,40060,"Richmond, VA",Metropolitan Statistical Area,,,,,Central
51043,51,Clarke County,Virginia,47900,"Washington-Arlington-Alexandria, DC-VA-MD-WV",Metropolitan Statistical Area,11694,"Arlington-Alexandria-Reston, VA-WV",548,"Washington-Baltimore-Arlington, DC-MD-VA-WV-PA",Outlying
51045,51,Craig County,Virginia,40220,"Roanoke, VA",Metropolitan Statistical Area,,,,,Outlying
51047,51,Culpeper County,Virginia,47900,"Washington-Arlington-Alexandria, DC-VA-MD-WV",Metropolitan Statistical Area,11694,"Arlington-Alexandria-Reston, VA-WV",548,"Washington-Baltimore-Arlington, DC-MD-VA-WV-PA",Outlying
51053,51,Dinwiddie County,Virginia,40060,"Richmond, VA",Metropolitan Statistical Area,,,,,Central
51059,51,Fairfax County,Virginia,47900,"Washington-Arlington-Alexandria, DC-VA-MD-WV",Metropolitan Statistical Area,11694,"Arlington-Alexandria-Reston, VA-WV",548,"Washington-Baltimore-Arlington, DC-MD-VA-WV-PA",Central
51061,51,Fauquier County,Virginia,47900,"Washington-Arlington-Alexandria, DC-VA-MD-WV",Metropolitan Statistical Area,11694,"Arlington-Alexandria-Reston, VA-WV",548,"Washington-Baltimore-Arlington, DC-MD-VA-WV-PA",Outlying
51063,51,Floyd County,Virginia,13980,"Blacksburg-Christiansburg-Radford, VA",Metropolitan Statistical Area,,,,,Outlying
51065,51,Fluvanna County,Virginia,16820,"Charlottesville, VA",Metropolitan Statistical Area,,,,,Outlying
51067,51,Franklin County,Virginia,40220,"Roanoke, VA",Metropolitan Statistical Area,,,,,Outlying
51069,51,Frederick County,Virginia,49020,"Winchester, VA-WV",Metropolitan Statistical Area,,,548,"Washington-Baltimore-Arlington, DC-MD-VA-WV-PA",Central
51071,51,Giles County,Virginia,13980,"Blacksburg-Christiansburg-Radford, VA",Metropolitan Statistical Area,,,,,Outlying
51073,51,Gloucester County,Virginia,47260,"Virginia Beach-Chesapeake-Norfolk, VA-NC",Metropolitan Statistical Area,,,545,"Virginia Beach-Chesapeake, VA-NC",Central
51075,51,Goochland County,Virginia,40060,"Richmond, VA",Metropolitan Statistical Area,,,,,Outlying
51079,51,Greene County,Virginia,16820,"Charlottesville, VA",Metropolitan Statistical Area,,,,,Outlying
51085,51,Hanover County,Virginia,40060,"Richmond, VA",Metropolitan Statistical Area,,,,,Central
51087,51,Henrico County,Virginia,40060,"Richmond, VA",Metropolitan Statistical Area,,,,,Central
51089,51,Henry County,Virginia,32300,"Martinsville, VA",Micropolitan Statistical Area,,,,,Central
51093,51,Isle of Wight County,Virginia,47260,"Virginia Beach-Chesapeake-Norfolk, VA-NC",Metropolitan Statistical Area,,,545,"Virginia Beach-Chesapeake, VA-NC",Central
51095,51,James City County,Virginia,47260,"Virginia Beach-Chesapeake-Norfolk, VA-NC",Metropolitan Statistical Area,,,545,"Virginia Beach-Chesapeake, VA-NC",Outlying
51097,51,King and Queen County,Virginia,40060,"Richmond, VA",Metropolitan Statistical Area,,,,,Outlying
51101,51,King William County,Virginia,40060,"Richmond, VA",Metropolitan Statistical Area,,,,,Outlying
51107,51,Loudoun County,Virginia,47900,"Washington-Arlington-Alexandria, DC-VA-MD-WV",Metropolitan Statistical Area,11694,"Arlington-Alexandria-Reston, VA-WV",548,"Washington-Baltimore-Arlington, DC-MD-VA-WV-PA",Central
51115,51,Mathews County,Virginia,47260,"Virginia Beach-Chesapeake-Norfolk, VA-NC",Metropolitan Statistical Area,,,545,"Virginia Beach-Chesapeake, VA-NC",Outlying
51121,51,Montgomery County,Virginia,13980,"Blacksburg-Christiansburg-Radford, VA",Metropolitan Statistical Area,,,,,Central
51125,51,Nelson County,Virginia,16820,"Charlottesville, VA",Metropolitan Statistical Area,,,,,Outlying
51127,51,New Kent County,Virginia,40060,"Richmond, VA",Metropolitan Statistical Area,,,,,Outlying
51137,51,Orange County,Virginia,29470,"Lake of the Woods, VA",Micropolitan Statistical Area,,,548,"Washington-Baltimore-Arlington, DC-MD-VA-WV-PA",Central
51143,51,Pittsylvania County,Virginia,19260,"Danville, VA",Micropolitan Statistical Area,,,,,Central
51145,51,Powhatan County,Virginia,40060,"Richmond, VA",Metropolitan Statistical Area,,,,,Outlying
51149,51,Prince George County,Virginia,40060,"Richmond, VA",Metropolitan Statistical Area,,,,,Central
51153,51,Prince William County,Virginia,47900,"Washington-Arlington-Alexandria, DC-VA-MD-WV",Metropolitan Statistical Area,11694,"Arlington-Alexandria-Reston, VA-WV",548,"Washington-Baltimore-Arlington, DC-MD-VA-WV-PA",Central
51155,51,Pulaski County,Virginia,13980,"Blacksburg-Christiansburg-Radford, VA",Metropolitan Statistical Area,,,,,Outlying
51157,51,Rappahannock County,Virginia,47900,"Washington-Arlington-Alexandria, DC-VA-MD-WV",Metropolitan Statistical Area,11694,"Arlington-Alexandria-Reston, VA-WV",548,"Washington-Baltimore-Arlington, DC-MD-VA-WV-PA",Outlying
51161,51,Roanoke County,Virginia,40220,"Roanoke, VA",Metropolitan Statistical Area,,,,,Central
51165,51,Rockingham County,Virginia,25500,"Harrisonburg, VA",Metropolitan Statistical Area,,,277,"Harrisonburg-Staunton-Stuarts Draft, VA",Central
51169,51,Scott County,Virginia,28700,"Kingsport-Bristol, TN-VA",Metropolitan Statistical Area,,,304,"Johnson City-Kingsport-Bristol, TN-VA",Outlying
51177,51,Spotsylvania County,Virginia,47900,"Washington-Arlington-Alexandria, DC-VA-MD-WV",Metropolitan Statistical Area,11694,"Arlington-Alexandria-Reston, VA-WV",548,"Washington-Baltimore-Arlington, DC-MD-VA-WV-PA",Outlying
51179,51,Stafford County,Virginia,47900,"Washington-Arlington-Alexandria, DC-VA-MD-WV",Metropolitan Statistical Area,11694,"Arlington-Alexandria-Reston, VA-WV",548,"Washington-Baltimore-Arlington, DC-MD-VA-WV-PA",Central
51181,51,Surry County,Virginia,47260,"Virginia Beach-Chesapeake-Norfolk, VA-NC",Metropolitan Statistical Area,,,545,"Virginia Beach-Chesapeake, VA-NC",Outlying
51183,51,Sussex County,Virginia,40060,"Richmond, VA",Metropolitan Statistical Area,,,,,Outlying
51185,51,Tazewell County,Virginia,14140,"Bluefield, WV-VA",Micropolitan Statistical Area,,,,,Central
51187,51,Warren County,Virginia,47900,"Washington-Arlington-Alexandria, DC-VA-MD-WV",Metropolitan Statistical Area,11694,"Arlington-Alexandria-Reston, VA-WV",548,"Washington-Baltimore-Arlington, DC-MD-VA-WV-PA",Outlying
51191,51,Washington County,Virginia,28700,"Kingsport-Bristol, TN-VA",Metropolitan Statistical Area,,,304,"Johnson City-Kingsport-Bristol, TN-VA",Outlying
51199,51,York County,Virginia,47260,"Virginia Beach-Chesapeake-Norfolk, VA-NC",Metropolitan Statistical Area,,,545,"Virginia Beach-Chesapeake, VA-NC",Central
51510,51,Alexandria city,Virginia,47900,"Washington-Arlington-Alexandria, DC-VA-MD-WV",Metropolitan Statistical Area,11694,"Arlington-Alexandria-Reston, VA-WV",548,"Washington-Baltimore-Arlington, DC-MD-VA-WV-PA",Central
51520,51,Bristol city,Virginia,28700,"Kingsport-Bristol, TN-VA",Metropolitan Statistical Area,,,304,"Johnson City-Kingsport-Bristol, TN-VA",Outlying
51540,51,Charlottesville city,Virginia,16820,"Charlottesville, VA",Metropolitan Statistical Area,,,,,Central
51550,51,Chesapeake city,Virginia,47260,"Virginia Beach-Chesapeake-Norfolk, VA-NC",Metropolitan Statistical Area,,,545,"Virginia Beach-Chesapeake, VA-NC",Central
51570,51,Colonial Heights city,Virginia,40060,"Richmond, VA",Metropolitan Statistical Area,,,,,Central
51590,51,Danville city,Virginia,19260,"Danville, VA",Micropolitan Statistical Area,,,,,Central
51600,51,Fairfax city,Virginia,47900,"Washington-Arlington-Alexandria, DC-VA-MD-WV",Metropolitan Statistical Area,11694,"Arlington-Alexandria-Reston, VA-WV",548,"Washington-Baltimore-Arlington, DC-MD-VA-WV-PA",Central
51610,51,Falls Church city,Virginia,47900,"Washington-Arlington-Alexandria, DC-VA-MD-WV",Metropolitan Statistical Area,11694,"Arlington-Alexandria-Reston, VA-WV",548,"Washington-Baltimore-Arlington, DC-MD-VA-WV-PA",Central
51630,51,Fredericksburg city,Virginia,47900,"Washington-Arlington-Alexandria, DC-VA-MD-WV",Metropolitan Statistical Area,11694,"Arlington-Alexandria-Reston, VA-WV",548,"Washington-Baltimore-Arlington, DC-MD-VA-WV-PA",Outlying
51650,51,Hampton city,Virginia,47260,"Virginia Beach-Chesapeake-Norfolk, VA-NC",Metropolitan Statistical Area,,,545,"Virginia Beach-Chesapeake, VA-NC",Central
51660,51,Harrisonburg city,Virginia,25500,"Harrisonburg, VA",Metropolitan Statistical Area,,,277,"Harrisonburg-Staunton-Stuarts Draft, VA",Central
51670,51,Hopewell city,Virginia,40060,"Richmond, VA",Metropolitan Statistical Area,,,,,Central
51680,51,Lynchburg city,Virginia,31340,"Lynchburg, VA",Metropolitan Statistical Area,,,,,Central
51683,51,Manassas city,Virginia,47900,"Washington-Arlington-Alexandria, DC-VA-MD-WV",Metropolitan Statistical Area,11694,"Arlington-Alexandria-Reston, VA-WV",548,"Washington-Baltimore-Arlington, DC-MD-VA-WV-PA",Central
51685,51,Manassas Park city,Virginia,47900,"Washington-Arlington-Alexandria, DC-VA-MD-WV",Metropolitan Statistical Area,11694,"Arlington-Alexandria-Reston, VA-WV",548,"Washington-Baltimore-Arlington, DC-MD-VA-WV-PA",Central
51690,51,Martinsville city,Virginia,32300,"Martinsville, VA",Micropolitan Statistical Area,,,,,Central
51700,51,Newport News city,Virginia,47260,"Virginia Beach-Chesapeake-Norfolk, VA-NC",Metropolitan Statistical Area,,,545,"Virginia Beach-Chesapeake, VA-NC",Central
51710,51,Norfolk city,Virginia,47260,"Virginia Beach-Chesapeake-Norfolk, VA-NC",Metropolitan Statistical Area,,,545,"Virginia Beach-Chesapeake, VA-NC",Central
51730,51,Petersburg city,Virginia,40060,"Richmond, VA",Metropolitan Statistical Area,,,,,Central
51735,51,Poquoson city,Virginia,47260,"Virginia Beach-Chesapeake-Norfolk, VA-NC",Metropolitan Statistical Area,,,545,"Virginia Beach-Chesapeake, VA-NC",Central
51740,51,Portsmouth city,Virginia,47260,"Virginia Beach-Chesapeake-Norfolk, VA-NC",Metropolitan Statistical Area,,,545,"Virginia Beach-Chesapeake, VA-NC",Central
51750,51,Radford city,Virginia,13980,"Blacksburg-Christiansburg-Radford, VA",Metropolitan Statistical Area,,,,,Central
51760,51,Richmond city,Virginia,40060,"Richmond, VA",Metropolitan Statistical Area,,,,,Central
51770,51,Roanoke city,Virginia,40220,"Roanoke, VA",Metropolitan Statistical Area,,,,,Central
51775,51,Salem city,Virginia,40220,"Roanoke, VA",Metropolitan Statistical Area,,,,,Central
51790,51,Staunton city,Virginia,44420,"Staunton-Stuarts Draft, VA",Metropolitan Statistical Area,,,277,"Harrisonburg-Staunton-Stuarts Draft, VA",Central
51800,51,Suffolk city,Virginia,47260,"Virginia Beach-Chesapeake-Norfolk, VA-NC",Metropolitan Statistical Area,,,545,"Virginia Beach-Chesapeake, VA-NC",Outlying
51810,51,Virginia Beach city,Virginia,47260,"Virginia Beach-Chesapeake-Norfolk, VA-NC",Metropolitan Statistical Area,,,545,"Virginia Beach-Chesapeake, VA-NC",Central
51820,51,Waynesboro city,Virginia,44420,"Staunton-Stuarts Draft, VA",Metropolitan Statistical Area,,,277,"Harrisonburg-Staunton-Stuarts Draft, VA",Central
51830,51,Williamsburg city,Virginia,47260,"Virginia Beach-Chesapeake-Norfolk, VA-NC",Metropolitan Statistical Area,,,545,"Virginia Beach-Chesapeake, VA-NC",Outlying
51840,51,Winchester city,Virginia,49020,"Winchester, VA-WV",Metropolitan Statistical Area,,,548,"Washington-Baltimore-Arlington, DC-MD-VA-WV-PA",Central
53001,53,Adams County,Washington,36830,"Othello, WA",Micropolitan Statistical Area,,,393,"Moses Lake-Othello, WA",Central
53003,53,Asotin County,Washington,30300,"Lewiston, ID-WA",Metropolitan Statistical Area,,,,,Central
53005,53,Benton County,Washington,28420,"Kennewick-Richland, WA",Metropolitan Statistical Area,,,314,"Kennewick-Richland-Walla Walla, WA",Central
53007,53,Chelan County,Washington,48300,"Wenatchee-East Wenatchee, WA",Metropolitan Statistical Area,,,,,Central
53009,53,Clallam County,Washington,38820,"Port Angeles, WA",Micropolitan Statistical Area,,,,,Central
53011,53,Clark County,Washington,38900,"Portland-Vancouver-Hillsboro, OR-WA",Metropolitan Statistical Area,,,440,"Portland-Vancouver-Salem, OR-WA",Central
53015,53,Cowlitz County,Washington,31020,"Longview-Kelso, WA",Metropolitan Statistical Area,,,440,"Portland-Vancouver-Salem, OR-WA",Central
53017,53,Douglas County,Washington,48300,"Wenatchee-East Wenatchee, WA",Metropolitan Statistical Area,,,,,Central
53021,53,Franklin County,Washington,28420,"Kennewick-Richland, WA",Metropolitan Statistical Area,,,314,"Kennewick-Richland-Walla Walla, WA",Central
53025,53,Grant County,Washington,34180,"Moses Lake, WA",Micropolitan Statistical Area,,,393,"Moses Lake-Othello, WA",Central
53027,53,Grays Harbor County,Washington,10140,"Aberdeen, WA",Micropolitan Statistical Area,,,,,Central
53029,53,Island County,Washington,36020,"Oak Harbor, WA",Micropolitan Statistical Area,,,500,"Seattle-Tacoma, WA",Central
53031,53,Jefferson County,Washington,39040,"Port Townsend, WA",Micropolitan Statistical Area,,,,,Central
53033,53,King County,Washington,42660,"Seattle-Tacoma-Bellevue, WA",Metropolitan Statistical Area,42644,"Seattle-Bellevue-Kent, WA",500,"Seattle-Tacoma, WA",Central
53035,53,Kitsap County,Washington,14740,"Bremerton-Silverdale-Port Orchard, WA",Metropolitan Statistical Area,,,500,"Seattle-Tacoma, WA",Central
53037,53,Kittitas County,Washington,21260,"Ellensburg, WA",Micropolitan Statistical Area,,,,,Central
53041,53,Lewis County,Washington,16500,"Centralia, WA",Micropolitan Statistical Area,,,500,"Seattle-Tacoma, WA",Central
53045,53,Mason County,Washington,43220,"Shelton, WA",Micropolitan Statistical Area,,,500,"Seattle-Tacoma, WA",Central
53053,53,Pierce County,Washington,42660,"Seattle-Tacoma-Bellevue, WA",Metropolitan Statistical Area,45104,"Tacoma-Lakewood, WA",500,"Seattle-Tacoma, WA",Central
53057,53,Skagit County,Washington,34580,"Mount Vernon-Anacortes, WA",Metropolitan Statistical Area,,,500,"Seattle-Tacoma, WA",Central
53059,53,Skamania County,Washington,38900,"Portland-Vancouver-Hillsboro, OR-WA",Metropolitan Statistical Area,,,440,"Portland-Vancouver-Salem, OR-WA",Outlying
53061,53,Snohomish County,Washington,42660,"Seattle-Tacoma-Bellevue, WA",Metropolitan Statistical Area,21794,"Everett, WA",500,"Seattle-Tacoma, WA",Central
53063,53,Spokane County,Washington,44060,"Spokane-Spokane Valley, WA",Metropolitan Statistical Area,,,518,"Spokane-Spokane Valley-Coeur d'Alene, WA-ID",Central
53065,53,Stevens County,Washington,44060,"Spokane-Spokane Valley, WA",Metropolitan Statistical Area,,,518,"Spokane-Spokane Valley-Coeur d'Alene, WA-ID",Outlying
53067,53,Thurston County,Washington,36500,"Olympia-Lacey-Tumwater, WA",Metropolitan Statistical Area,,,500,"Seattle-Tacoma, WA",Central
53071,53,Walla Walla County,Washington,47460,"Walla Walla, WA",Metropolitan Statistical Area,,,314,"Kennewick-Richland-Walla Walla, WA",Central
53073,53,Whatcom County,Washington,13380,"Bellingham, WA",Metropolitan Statistical Area,,,,,Central
53075,53,Whitman County,Washington,39420,"Pullman, WA",Micropolitan Statistical Area,,,446,"Pullman-Moscow, WA-ID",Central
53077,53,Yakima County,Washington,49420,"Yakima, WA",Metropolitan Statistical Area,,,,,Central
54003,54,Berkeley County,West Virginia,25180,"Hagerstown-Martinsburg, MD-WV",Metropolitan Statistical Area,,,548,"Washington-Baltimore-Arlington, DC-MD-VA-WV-PA",Central
54005,54,Boone County,West Virginia,16620,"Charleston, WV",Metropolitan Statistical Area,,,170,"Charleston-Huntington-Ashland, WV-OH-KY",Outlying
54009,54,Brooke County,West Virginia,48260,"Weirton-Steubenville, WV-OH",Metropolitan Statistical Area,,,430,"Pittsburgh-Weirton-Steubenville, PA-OH-WV",Central
54011,54,Cabell County,West Virginia,26580,"Huntington-Ashland, WV-KY-OH",Metropolitan Statistical Area,,,170,"Charleston-Huntington-Ashland, WV-OH-KY",Central
54015,54,Clay County,West Virginia,16620,"Charleston, WV",Metropolitan Statistical Area,,,170,"Charleston-Huntington-Ashland, WV-OH-KY",Outlying
54017,54,Doddridge County,West Virginia,17220,"Clarksburg, WV",Micropolitan Statistical Area,,,242,"Fairmont-Clarksburg, WV",Outlying
54019,54,Fayette County,West Virginia,13220,"Beckley, WV",Metropolitan Statistical Area,,,,,Central
54027,54,Hampshire County,West Virginia,49020,"Winchester, VA-WV",Metropolitan Statistical Area,,,548,"Washington-Baltimore-Arlington, DC-MD-VA-WV-PA",Outlying
54029,54,Hancock County,West Virginia,48260,"Weirton-Steubenville, WV-OH",Metropolitan Statistical Area,,,430,"Pittsburgh-Weirton-Steubenville, PA-OH-WV",Central
54033,54,Harrison County,West Virginia,17220,"Clarksburg, WV",Micropolitan Statistical Area,,,242,"Fairmont-Clarksburg, WV",Central
54037,54,Jefferson County,West Virginia,47900,"Washington-Arlington-Alexandria, DC-VA-MD-WV",Metropolitan Statistical Area,11694,"Arlington-Alexandria-Reston, VA-WV",548,"Washington-Baltimore-Arlington, DC-MD-VA-WV-PA",Outlying
54039,54,Kanawha County,West Virginia,16620,"Charleston, WV",Metropolitan Statistical Area,,,170,"Charleston-Huntington-Ashland, WV-OH-KY",Central
54049,54,Marion County,West Virginia,21900,"Fairmont, WV",Micropolitan Statistical Area,,,242,"Fairmont-Clarksburg, WV",Central
54051,54,Marshall County,West Virginia,48540,"Wheeling, WV-OH",Metropolitan Statistical Area,,,,,Outlying
54055,54,Mercer County,West Virginia,14140,"Bluefield, WV-VA",Micropolitan Statistical Area,,,,,Central
54057,54,Mineral County,West Virginia,19060,"Cumberland, MD-WV",Micropolitan Statistical Area,,,,,Outlying
54061,54,Monongalia County,West Virginia,34060,"Morgantown, WV",Metropolitan Statistical Area,,,,,Central
54065,54,Morgan County,West Virginia,25180,"Hagerstown-Martinsburg, MD-WV",Metropolitan Statistical Area,,,548,"Washington-Baltimore-Arlington, DC-MD-VA-WV-PA",Outlying
54069,54,Ohio County,West Virginia,48540,"Wheeling, WV-OH",Metropolitan Statistical Area,,,,,Central
54077,54,Preston County,West Virginia,34060,"Morgantown, WV",Metropolitan Statistical Area,,,,,Outlying
54079,54,Putnam County,West Virginia,26580,"Huntington-Ashland, WV-KY-OH",Metropolitan Statistical Area,,,170,"Charleston-Huntington-Ashland, WV-OH-KY",Central
54081,54,Raleigh County,West Virginia,13220,"Beckley, WV",Metropolitan Statistical Area,,,,,Central
54083,54,Randolph County,West Virginia,21180,"Elkins, WV",Micropolitan Statistical Area,,,,,Central
54091,54,Taylor County,West Virginia,17220,"Clarksburg, WV",Micropolitan Statistical Area,,,242,"Fairmont-Clarksburg, WV",Outlying
54099,54,Wayne County,West Virginia,26580,"Huntington-Ashland, WV-KY-OH",Metropolitan Statistical Area,,,170,"Charleston-Huntington-Ashland, WV-OH-KY",Central
54105,54,Wirt County,West Virginia,37620,"Parkersburg-Vienna, WV",Metropolitan Statistical Area,,,425,"Parkersburg-Marietta-Vienna, WV-OH",Outlying
54107,54,Wood County,West Virginia,37620,"Parkersburg-Vienna, WV",Metropolitan Statistical Area,,,425,"Parkersburg-Marietta-Vienna, WV-OH",Central
55005,55,Barron County,Wisconsin,39960,"Rice Lake, WI",Micropolitan Statistical Area,,,,,Central
55009,55,Brown County,Wisconsin,24580,"Green Bay, WI",Metropolitan Statistical Area,,,267,"Green Bay-Shawano, WI",Central
55015,55,Calumet County,Wisconsin,11540,"Appleton, WI",Metropolitan Statistical Area,,,118,"Appleton-Oshkosh-Neenah, WI",Central
55017,55,Chippewa County,Wisconsin,20740,"Eau Claire, WI",Metropolitan Statistical Area,,,232,"Eau Claire-Menomonie, WI",Central
55021,55,Columbia County,Wisconsin,31540,"Madison, WI",Metropolitan Statistical Area,,,357,"Madison-Janesville-Beloit, WI",Outlying
55025,55,Dane County,Wisconsin,31540,"Madison, WI",Metropolitan Statistical Area,,,357,"Madison-Janesville-Beloit, WI",Central
55027,55,Dodge County,Wisconsin,13180,"Beaver Dam, WI",Micropolitan Statistical Area,,,376,"Milwaukee-Racine-Waukesha, WI",Central
55031,55,Douglas County,Wisconsin,20260,"Duluth, MN-WI",Metropolitan Statistical Area,,,228,"Duluth-Grand Rapids, MN-WI",Central
55033,55,Dunn County,Wisconsin,32860,"Menomonie, WI",Micropolitan Statistical Area,,,232,"Eau Claire-Menomonie, WI",Central
55035,55,Eau Claire County,Wisconsin,20740,"Eau Claire, WI",Metropolitan Statistical Area,,,232,"Eau Claire-Menomonie, WI",Central
55037,55,Florence County,Wisconsin,27020,"Iron Mountain, MI-WI",Micropolitan Statistical Area,,,361,"Marinette-Iron Mountain, WI-MI",Outlying
55039,55,Fond du Lac County,Wisconsin,22540,"Fond du Lac, WI",Metropolitan Statistical Area,,,,,Central
55043,55,Grant County,Wisconsin,38420,"Platteville, WI",Micropolitan Statistical Area,,,,,Central
55045,55,Green County,Wisconsin,31540,"Madison, WI",Metropolitan Statistical Area,,,357,"Madison-Janesville-Beloit, WI",Outlying
55049,55,Iowa County,Wisconsin,31540,"Madison, WI",Metropolitan Statistical Area,,,357,"Madison-Janesville-Beloit, WI",Outlying
55055,55,Jefferson County,Wisconsin,48020,"Watertown-Fort Atkinson, WI",Micropolitan Statistical Area,,,376,"Milwaukee-Racine-Waukesha, WI",Central
55059,55,Kenosha County,Wisconsin,28450,"Kenosha, WI",Metropolitan Statistical Area,,,176,"Chicago-Naperville, IL-IN-WI",Central
55061,55,Kewaunee County,Wisconsin,24580,"Green Bay, WI",Metropolitan Statistical Area,,,267,"Green Bay-Shawano, WI",Outlying
55063,55,La Crosse County,Wisconsin,29100,"La Crosse-Onalaska, WI-MN",Metropolitan Statistical Area,,,317,"La Crosse-Onalaska-Sparta, WI-MN",Central
55071,55,Manitowoc County,Wisconsin,31820,"Manitowoc, WI",Micropolitan Statistical Area,,,,,Central
55073,55,Marathon County,Wisconsin,48140,"Wausau, WI",Metropolitan Statistical Area,,,554,"Wausau-Stevens Point-Wisconsin Rapids, WI",Central
55075,55,Marinette County,Wisconsin,31940,"Marinette, WI-MI",Micropolitan Statistical Area,,,361,"Marinette-Iron Mountain, WI-MI",Central
55078,55,Menominee County,Wisconsin,43020,"Shawano, WI",Micropolitan Statistical Area,,,267,"Green Bay-Shawano, WI",Outlying
55079,55,Milwaukee County,Wisconsin,33340,"Milwaukee-Waukesha, WI",Metropolitan Statistical Area,,,376,"Milwaukee-Racine-Waukesha, WI",Central
55081,55,Monroe County,Wisconsin,43890,"Sparta, WI",Micropolitan Statistical Area,,,317,"La Crosse-Onalaska-Sparta, WI-MN",Central
55083,55,Oconto County,Wisconsin,24580,"Green Bay, WI",Metropolitan Statistical Area,,,267,"Green Bay-Shawano, WI",Outlying
55087,55,Outagamie County,Wisconsin,11540,"Appleton, WI",Metropolitan Statistical Area,,,118,"Appleton-Oshkosh-Neenah, WI",Central
55089,55,Ozaukee County,Wisconsin,33340,"Milwaukee-Waukesha, WI",Metropolitan Statistical Area,,,376,"Milwaukee-Racine-Waukesha, WI",Outlying
55093,55,Pierce County,Wisconsin,33460,"Minneapolis-St. Paul-Bloomington, MN-WI",Metropolitan Statistical Area,,,378,"Minneapolis-St. Paul, MN-WI",Outlying
55097,55,Portage County,Wisconsin,44620,"Stevens Point-Plover, WI",Micropolitan Statistical Area,,,554,"Wausau-Stevens Point-Wisconsin Rapids, WI",Central
55101,55,Racine County,Wisconsin,39540,"Racine-Mount Pleasant, WI",Metropolitan Statistical Area,,,376,"Milwaukee-Racine-Waukesha, WI",Central
55105,55,Rock County,Wisconsin,27500,"Janesville-Beloit, WI",Metropolitan Statistical Area,,,357,"Madison-Janesville-Beloit, WI",Central
55109,55,St. Croix County,Wisconsin,33460,"Minneapolis-St. Paul-Bloomington, MN-WI",Metropolitan Statistical Area,,,378,"Minneapolis-St. Paul, MN-WI",Outlying
55111,55,Sauk County,Wisconsin,12660,"Baraboo, WI",Micropolitan Statistical Area,,,357,"Madison-Janesville-Beloit, WI",Central
55115,55,Shawano County,Wisconsin,43020,"Shawano, WI",Micropolitan Statistical Area,,,267,"Green Bay-Shawano, WI",Central
55117,55,Sheboygan County,Wisconsin,43100,"Sheboygan, WI",Metropolitan Statistical Area,,,,,Central
55123,55,Vernon County,Wisconsin,29100,"La Crosse-Onalaska, WI-MN",Metropolitan Statistical Area,,,317,"La Crosse-Onalaska-Sparta, WI-MN",Outlying
55127,55,Walworth County,Wisconsin,48580,"Whitewater-Elkhorn, WI",Micropolitan Statistical Area,,,376,"Milwaukee-Racine-Waukesha, WI",Central
55131,55,Washington County,Wisconsin,33340,"Milwaukee-Waukesha, WI",Metropolitan Statistical Area,,,376,"Milwaukee-Racine-Waukesha, WI",Outlying
55133,55,Waukesha County,Wisconsin,33340,"Milwaukee-Waukesha, WI",Metropolitan Statistical Area,,,376,"Milwaukee-Racine-Waukesha, WI",Central
55139,55,Winnebago County,Wisconsin,36780,"Oshkosh-Neenah, WI",Metropolitan Statistical Area,,,118,"Appleton-Oshkosh-Neenah, WI",Central
55141,55,Wood County,Wisconsin,49220,"Wisconsin Rapids-Marshfield, WI",Micropolitan Statistical Area,,,554,"Wausau-Stevens Point-Wisconsin Rapids, WI",Central
56001,56,Albany County,Wyoming,29660,"Laramie, WY",Micropolitan Statistical Area,,,,,Central
56005,56,Campbell County,Wyoming,23940,"Gillette, WY",Micropolitan Statistical Area,,,,,Central
56013,56,Fremont County,Wyoming,40180,"Riverton, WY",Micropolitan Statistical Area,,,,,Central
56021,56,Laramie County,Wyoming,16940,"Cheyenne, WY",Metropolitan Statistical Area,,,,,Central
56025,56,Natrona County,Wyoming,16220,"Casper, WY",Metropolitan Statistical Area,,,,,Central
56029,56,Park County,Wyoming,17650,"Cody, WY",Micropolitan Statistical Area,,,,,Central
56033,56,Sheridan County,Wyoming,43260,"Sheridan, WY",Micropolitan Statistical Area,,,,,Central
56037,56,Sweetwater County,Wyoming,40540,"Rock Springs, WY",Micropolitan Statistical Area,,,,,Central
56039,56,Teton County,Wyoming,27220,"Jackson, WY-ID",Micropolitan Statistical Area,,,,,Central
56041,56,Uinta County,Wyoming,21740,"Evanston, WY-UT",Micropolitan Statistical Area,,,,,Central
72003,72,Aguada Municipio,Puerto Rico,10380,"Aguadilla, PR",Metropolitan Statistical Area,,,364,"Mayagüez-Aguadilla, PR",Central
72005,72,Aguadilla Municipio,Puerto Rico,10380,"Aguadilla, PR",Metropolitan Statistical Area,,,364,"Mayagüez-Aguadilla, PR",Central
72007,72,Aguas Buenas Municipio,Puerto Rico,41980,"San Juan-Bayamón-Caguas, PR",Metropolitan Statistical Area,,,490,"San Juan-Bayamón, PR",Central
72009,72,Aibonito Municipio,Puerto Rico,41980,"San Juan-Bayamón-Caguas, PR",Metropolitan Statistical Area,,,490,"San Juan-Bayamón, PR",Outlying
72011,72,Añasco Municipio,Puerto Rico,10380,"Aguadilla, PR",Metropolitan Statistical Area,,,364,"Mayagüez-Aguadilla, PR",Central
72013,72,Arecibo Municipio,Puerto Rico,11640,"Arecibo, PR",Metropolitan Statistical Area,,,490,"San Juan-Bayamón, PR",Central
72015,72,Arroyo Municipio,Puerto Rico,25020,"Guayama, PR",Metropolitan Statistical Area,,,490,"San Juan-Bayamón, PR",Central
72017,72,Barceloneta Municipio,Puerto Rico,41980,"San Juan-Bayamón-Caguas, PR",Metropolitan Statistical Area,,,490,"San Juan-Bayamón, PR",Outlying
72019,72,Barranquitas Municipio,Puerto Rico,41980,"San Juan-Bayamón-Caguas, PR",Metropolitan Statistical Area,,,490,"San Juan-Bayamón, PR",Central
72021,72,Bayamón Municipio,Puerto Rico,41980,"San Juan-Bayamón-Caguas, PR",Metropolitan Statistical Area,,,490,"San Juan-Bayamón, PR",Central
72023,72,Cabo Rojo Municipio,Puerto Rico,32420,"Mayagüez, PR",Metropolitan Statistical Area,,,364,"Mayagüez-Aguadilla, PR",Central
72025,72,Caguas Municipio,Puerto Rico,41980,"San Juan-Bayamón-Caguas, PR",Metropolitan Statistical Area,,,490,"San Juan-Bayamón, PR",Central
72027,72,Camuy Municipio,Puerto Rico,11640,"Arecibo, PR",Metropolitan Statistical Area,,,490,"San Juan-Bayamón, PR",Central
72029,72,Canóvanas Municipio,Puerto Rico,41980,"San Juan-Bayamón-Caguas, PR",Metropolitan Statistical Area,,,490,"San Juan-Bayamón, PR",Central
72031,72,Carolina Municipio,Puerto Rico,41980,"San Juan-Bayamón-Caguas, PR",Metropolitan Statistical Area,,,490,"San Juan-Bayamón, PR",Central
72033,72,Cataño Municipio,Puerto Rico,41980,"San Juan-Bayamón-Caguas, PR",Metropolitan Statistical Area,,,490,"San Juan-Bayamón, PR",Central
72035,72,Cayey Municipio,Puerto Rico,41980,"San Juan-Bayamón-Caguas, PR",Metropolitan Statistical Area,,,490,"San Juan-Bayamón, PR",Central
72037,72,Ceiba Municipio,Puerto Rico,41980,"San Juan-Bayamón-Caguas, PR",Metropolitan Statistical Area,,,490,"San Juan-Bayamón, PR",Outlying
72039,72,Ciales Municipio,Puerto Rico,41980,"San Juan-Bayamón-Caguas, PR",Metropolitan Statistical Area,,,490,"San Juan-Bayamón, PR",Outlying
72041,72,Cidra Municipio,Puerto Rico,41980,"San Juan-Bayamón-Caguas, PR",Metropolitan Statistical Area,,,490,"San Juan-Bayamón, PR",Central
72043,72,Coamo Municipio,Puerto Rico,17620,"Coamo, PR",Micropolitan Statistical Area,,,434,"Ponce-Coamo, PR",Central
72045,72,Comerío Municipio,Puerto Rico,41980,"San Juan-Bayamón-Caguas, PR",Metropolitan Statistical Area,,,490,"San Juan-Bayamón, PR",Central
72047,72,Corozal Municipio,Puerto Rico,41980,"San Juan-Bayamón-Caguas, PR",Metropolitan Statistical Area,,,490,"San Juan-Bayamón, PR",Central
72051,72,Dorado Municipio,Puerto Rico,41980,"San Juan-Bayamón-Caguas, PR",Metropolitan Statistical Area,,,490,"San Juan-Bayamón, PR",Central
72053,72,Fajardo Municipio,Puerto Rico,41980,"San Juan-Bayamón-Caguas, PR",Metropolitan Statistical Area,,,490,"San Juan-Bayamón, PR",Outlying
72054,72,Florida Municipio,Puerto Rico,41980,"San Juan-Bayamón-Caguas, PR",Metropolitan Statistical Area,,,490,"San Juan-Bayamón, PR",Outlying
72057,72,Guayama Municipio,Puerto Rico,25020,"Guayama, PR",Metropolitan Statistical Area,,,490,"San Juan-Bayamón, PR",Central
72059,72,Guayanilla Municipio,Puerto Rico,38660,"Ponce, PR",Metropolitan Statistical Area,,,434,"Ponce-Coamo, PR",Outlying
72061,72,Guaynabo Municipio,Puerto Rico,41980,"San Juan-Bayamón-Caguas, PR",Metropolitan Statistical Area,,,490,"San Juan-Bayamón, PR",Central
72063,72,Gurabo Municipio,Puerto Rico,41980,"San Juan-Bayamón-Caguas, PR",Metropolitan Statistical Area,,,490,"San Juan-Bayamón, PR",Central
72065,72,Hatillo Municipio,Puerto Rico,11640,"Arecibo, PR",Metropolitan Statistical Area,,,490,"San Juan-Bayamón, PR",Central
72067,72,Hormigueros Municipio,Puerto Rico,32420,"Mayagüez, PR",Metropolitan Statistical Area,,,364,"Mayagüez-Aguadilla, PR",Outlying
72069,72,Humacao Municipio,Puerto Rico,41980,"San Juan-Bayamón-Caguas, PR",Metropolitan Statistical Area,,,490,"San Juan-Bayamón, PR",Central
72071,72,Isabela Municipio,Puerto Rico,10380,"Aguadilla, PR",Metropolitan Statistical Area,,,364,"Mayagüez-Aguadilla, PR",Central
72075,72,Juana Díaz Municipio,Puerto Rico,38660,"Ponce, PR",Metropolitan Statistical Area,,,434,"Ponce-Coamo, PR",Outlying
72077,72,Juncos Municipio,Puerto Rico,41980,"San Juan-Bayamón-Caguas, PR",Metropolitan Statistical Area,,,490,"San Juan-Bayamón, PR",Central
72079,72,Lajas Municipio,Puerto Rico,32420,"Mayagüez, PR",Metropolitan Statistical Area,,,364,"Mayagüez-Aguadilla, PR",Central
72081,72,Lares Municipio,Puerto Rico,29720,"Lares, PR",Micropolitan Statistical Area,,,490,"San Juan-Bayamón, PR",Central
72085,72,Las Piedras Municipio,Puerto Rico,41980,"San Juan-Bayamón-Caguas, PR",Metropolitan Statistical Area,,,490,"San Juan-Bayamón, PR",Central
72087,72,Loíza Municipio,Puerto Rico,41980,"San Juan-Bayamón-Caguas, PR",Metropolitan Statistical Area,,,490,"San Juan-Bayamón, PR",Outlying
72089,72,Luquillo Municipio,Puerto Rico,41980,"San Juan-Bayamón-Caguas, PR",Metropolitan Statistical Area,,,490,"San Juan-Bayamón, PR",Outlying
72091,72,Manatí Municipio,Puerto Rico,41980,"San Juan-Bayamón-Caguas, PR",Metropolitan Statistical Area,,,490,"San Juan-Bayamón, PR",Central
72095,72,Maunabo Municipio,Puerto Rico,41980,"San Juan-Bayamón-Caguas, PR",Metropolitan Statistical Area,,,490,"San Juan-Bayamón, PR",Central
72097,72,Mayagüez Municipio,Puerto Rico,32420,"Mayagüez, PR",Metropolitan Statistical Area,,,364,"Mayagüez-Aguadilla, PR",Outlying
72099,72,Moca Municipio,Puerto Rico,10380,"Aguadilla, PR",Metropolitan Statistical Area,,,364,"Mayagüez-Aguadilla, PR",Central
72101,72,Morovis Municipio,Puerto Rico,41980,"San Juan-Bayamón-Caguas, PR",Metropolitan Statistical Area,,,490,"San Juan-Bayamón, PR",Central
72103,72,Naguabo Municipio,Puerto Rico,41980,"San Juan-Bayamón-Caguas, PR",Metropolitan Statistical Area,,,490,"San Juan-Bayamón, PR",Outlying
72105,72,Naranjito Municipio,Puerto Rico,41980,"San Juan-Bayamón-Caguas, PR",Metropolitan Statistical Area,,,490,"San Juan-Bayamón, PR",Central
72107,72,Orocovis Municipio,Puerto Rico,41980,"San Juan-Bayamón-Caguas, PR",Metropolitan Statistical Area,,,490,"San Juan-Bayamón, PR",Central
72109,72,Patillas Municipio,Puerto Rico,25020,"Guayama, PR",Metropolitan Statistical Area,,,490,"San Juan-Bayamón, PR",Central
72111,72,Peñuelas Municipio,Puerto Rico,38660,"Ponce, PR",Metropolitan Statistical Area,,,434,"Ponce-Coamo, PR",Outlying
72113,72,Ponce Municipio,Puerto Rico,38660,"Ponce, PR",Metropolitan Statistical Area,,,434,"Ponce-Coamo, PR",Central
72115,72,Quebradillas Municipio,Puerto Rico,11640,"Arecibo, PR",Metropolitan Statistical Area,,,490,"San Juan-Bayamón, PR",Central
72117,72,Rincón Municipio,Puerto Rico,10380,"Aguadilla, PR",Metropolitan Statistical Area,,,364,"Mayagüez-Aguadilla, PR",Central
72119,72,Río Grande Municipio,Puerto Rico,41980,"San Juan-Bayamón-Caguas, PR",Metropolitan Statistical Area,,,490,"San Juan-Bayamón, PR",Central
72121,72,Sabana Grande Municipio,Puerto Rico,32420,"Mayagüez, PR",Metropolitan Statistical Area,,,364,"Mayagüez-Aguadilla, PR",Central
72123,72,Salinas Municipio,Puerto Rico,17640,"Coco, PR",Micropolitan Statistical Area,,,490,"San Juan-Bayamón, PR",Central
72125,72,San Germán Municipio,Puerto Rico,32420,"Mayagüez, PR",Metropolitan Statistical Area,,,364,"Mayagüez-Aguadilla, PR",Central
72127,72,San Juan Municipio,Puerto Rico,41980,"San Juan-Bayamón-Caguas, PR",Metropolitan Statistical Area,,,490,"San Juan-Bayamón, PR",Central
72129,72,San Lorenzo Municipio,Puerto Rico,41980,"San Juan-Bayamón-Caguas, PR",Metropolitan Statistical Area,,,490,"San Juan-Bayamón, PR",Central
72131,72,San Sebastián Municipio,Puerto Rico,10380,"Aguadilla, PR",Metropolitan Statistical Area,,,364,"Mayagüez-Aguadilla, PR",Central
72133,72,Santa Isabel Municipio,Puerto Rico,17620,"Coamo, PR",Micropolitan Statistical Area,,,434,"Ponce-Coamo, PR",Central
72135,72,Toa Alta Municipio,Puerto Rico,41980,"San Juan-Bayamón-Caguas, PR",Metropolitan Statistical Area,,,490,"San Juan-Bayamón, PR",Central
72137,72,Toa Baja Municipio,Puerto Rico,41980,"San Juan-Bayamón-Caguas, PR",Metropolitan Statistical Area,,,490,"San Juan-Bayamón, PR",Central
72139,72,Trujillo Alto Municipio,Puerto Rico,41980,"San Juan-Bayamón-Caguas, PR",Metropolitan Statistical Area,,,490,"San Juan-Bayamón, PR",Central
72141,72,Utuado Municipio,Puerto Rico,46580,"Utuado, PR",Micropolitan Statistical Area,,,490,"San Juan-Bayamón, PR",Central
72143,72,Vega Alta Municipio,Puerto Rico,41980,"San Juan-Bayamón-Caguas, PR",Metropolitan Statistical Area,,,490,"San Juan-Bayamón, PR",Central
72145,72,Vega Baja Municipio,Puerto Rico,41980,"San Juan-Bayamón-Caguas, PR",Metropolitan Statistical Area,,,490,"San Juan-Bayamón, PR",Central
72149,72,Villalba Municipio,Puerto Rico,38660,"Ponce, PR",Metropolitan Statistical Area,,,434,"Ponce-Coamo, PR",Outlying
72151,72,Yabucoa Municipio,Puerto Rico,41980,"San Juan-Bayamón-Caguas, PR",Metropolitan Statistical Area,,,490,"San Juan-Bayamón, PR",Central
72153,72,Yauco Municipio,Puerto Rico,38660,"Ponce, PR",Metropolitan Statistical Area,,,434,"Ponce-Coamo, PR",Outlying
